{
  "rules" : [
    {
      "action" : "body",
      "matchField" : "",
      "field" : "",
      "value" : "\"_isEligibleForFreeTrial\":false",
      "matchValue" : "\"_isEligibleForFreeTrial\":\\w+",
      "destiontion" : "response",
      "isRegex" : true
    },
    {
      "action" : "body",
      "matchField" : "",
      "field" : "",
      "value" : "\"type\":1",
      "matchValue" : "\"type\":\\d",
      "destiontion" : "response",
      "isRegex" : true
    }
  ],
  "enabled" : false,
  "isReadOnly" : false,
  "name" : "quizlet 单词卡学习语言 A+",
  "locations" : [
    {
      "method" : "GET",
      "scheme" : "https",
      "enabled" : true,
      "port" : 443,
      "query" : "",
      "host" : "api.quizlet.com",
      "path" : "\/3.4\/users\/*"
    }
  ],
  "description" : "Quizlet 来自 Quizlet Inc https:\/\/apps.apple.com\/cn\/app\/quizlet\/id546473125"
}
