{
  "rules" : [
    {
      "action" : "body",
      "matchField" : "",
      "field" : "",
      "value" : "\"is_vip\":1",
      "matchValue" : "\"is_vip\":\\d",
      "destiontion" : "response",
      "isRegex" : true
    },
    {
      "action" : "body",
      "matchField" : "",
      "field" : "",
      "value" : "\"vip_endtime\":1800000000",
      "matchValue" : "\"vip_endtime\":\\d",
      "destiontion" : "response",
      "isRegex" : true
    },
    {
      "action" : "body",
      "matchField" : "",
      "field" : "",
      "value" : "\"expiretime\":1800000000",
      "matchValue" : "\"expiretime\":\\d",
      "destiontion" : "response",
      "isRegex" : true
    }
  ],
  "enabled" : true,
  "isReadOnly" : false,
  "name" : "陆琪讲故事 成年哄睡 A+",
  "locations" : [
    {
      "method" : "POST",
      "scheme" : "https",
      "enabled" : true,
      "port" : 443,
      "query" : "",
      "host" : "www.luqijianggushi.com",
      "path" : "\/api\/v2\/user\/get"
    }
  ],
  "description" : "陆琪讲故事-成年人的哄睡神器 来自 杭州灵果文化创意有限公司 https:\/\/apps.apple.com\/cn\/app\/%E9%99%86%E7%90%AA%E8%AE%B2%E6%95%85%E4%BA%8B-%E6%88%90%E5%B9%B4%E4%BA%BA%E7%9A%84%E5%93%84%E7%9D%A1%E7%A5%9E%E5%99%A8\/id1435575842"
}
