{"name":"Qure Color (Service)","icons":[{"name":"Alibaba.png","url":"https://raw.githubusercontent.com/Koolson/Qure/master/IconSet/Color/Alibaba.png"},{"name":"Amazon.png","url":"https://raw.githubusercontent.com/Koolson/Qure/master/IconSet/Color/Amazon.png"},{"name":"Amazon_1.png","url":"https://raw.githubusercontent.com/Koolson/Qure/master/IconSet/Color/Amazon_1.png"},{"name":"Apple.png","url":"https://raw.githubusercontent.com/Koolson/Qure/master/IconSet/Color/Apple.png"},{"name":"Apple_1.png","url":"https://raw.githubusercontent.com/Koolson/Qure/master/IconSet/Color/Apple_1.png"},{"name":"Apple_2.png","url":"https://raw.githubusercontent.com/Koolson/Qure/master/IconSet/Color/Apple_2.png"},{"name":"Apple_Update.png","url":"https://raw.githubusercontent.com/Koolson/Qure/master/IconSet/Color/Apple_Update.png"},{"name":"Cloudflare.png","url":"https://raw.githubusercontent.com/Koolson/Qure/master/IconSet/Color/Cloudflare.png"},{"name":"Google.png","url":"https://raw.githubusercontent.com/Koolson/Qure/master/IconSet/Color/Google.png"},{"name":"iCloud.png","url":"https://raw.githubusercontent.com/Koolson/Qure/master/IconSet/Color/iCloud.png"},{"name":"Microsoft.png","url":"https://raw.githubusercontent.com/Koolson/Qure/master/IconSet/Color/Microsoft.png"},{"name":"Siri.png","url":"https://raw.githubusercontent.com/Koolson/Qure/master/IconSet/Color/Siri.png"},{"name":"Windows.png","url":"https://raw.githubusercontent.com/Koolson/Qure/master/IconSet/Color/Windows.png"},{"name":"Windows_11.png","url":"https://raw.githubusercontent.com/Koolson/Qure/master/IconSet/Color/Windows_11.png"},{"name":"Yahoo.png","url":"https://raw.githubusercontent.com/Koolson/Qure/master/IconSet/Color/Yahoo.png"},{"name":"Yahoo_1.png","url":"https://raw.githubusercontent.com/Koolson/Qure/master/IconSet/Color/Yahoo_1.png"}],"description":"Qure Color (Service) 是 Qure 项目下的彩色主题的「服务」图标集 @Koolson"}