{"name":"Qure Light (All)","icons":[{"name":"Blackhole.png","url":"https://raw.githubusercontent.com/Koolson/Qure/master/IconSet/Blackhole.png"},{"name":"TAG.png","url":"https://raw.githubusercontent.com/Koolson/Qure/master/IconSet/TAG.png"},{"name":"Bamboo.png","url":"https://raw.githubusercontent.com/Koolson/Qure/master/IconSet/Bamboo.png"},{"name":"Cat.png","url":"https://raw.githubusercontent.com/Koolson/Qure/master/IconSet/Cat.png"},{"name":"Lambda.png","url":"https://raw.githubusercontent.com/Koolson/Qure/master/IconSet/Lambda.png"},{"name":"Panda.png","url":"https://raw.githubusercontent.com/Koolson/Qure/master/IconSet/Panda.png"},{"name":"SSL.png","url":"https://raw.githubusercontent.com/Koolson/Qure/master/IconSet/SSL.png"},{"name":"Luffy.png","url":"https://raw.githubusercontent.com/Koolson/Qure/master/IconSet/Luffy.png"},{"name":"Nfcloud.png","url":"https://raw.githubusercontent.com/Koolson/Qure/master/IconSet/Nfcloud.png"},{"name":"Catnet.png","url":"https://raw.githubusercontent.com/Koolson/Qure/master/IconSet/Catnet.png"},{"name":"5iTV.png","url":"https://raw.githubusercontent.com/Koolson/Qure/master/IconSet/5iTV.png"},{"name":"aaex.png","url":"https://raw.githubusercontent.com/Koolson/Qure/master/IconSet/aaex.png"},{"name":"AbemaTV.png","url":"https://raw.githubusercontent.com/Koolson/Qure/master/IconSet/AbemaTV.png"},{"name":"AbemaTV_Letter.png","url":"https://raw.githubusercontent.com/Koolson/Qure/master/IconSet/AbemaTV_Letter.png"},{"name":"AdBlack.png","url":"https://raw.githubusercontent.com/Koolson/Qure/master/IconSet/AdBlack.png"},{"name":"Advertising.png","url":"https://raw.githubusercontent.com/Koolson/Qure/master/IconSet/Advertising.png"},{"name":"AdWhite.png","url":"https://raw.githubusercontent.com/Koolson/Qure/master/IconSet/AdWhite.png"},{"name":"AIA.png","url":"https://raw.githubusercontent.com/Koolson/Qure/master/IconSet/AIA.png"},{"name":"AIA_Letter.png","url":"https://raw.githubusercontent.com/Koolson/Qure/master/IconSet/AIA_Letter.png"},{"name":"Airport.png","url":"https://raw.githubusercontent.com/Koolson/Qure/master/IconSet/Airport.png"},{"name":"Alibaba.png","url":"https://raw.githubusercontent.com/Koolson/Qure/master/IconSet/Alibaba.png"},{"name":"Alibaba_Cloud.png","url":"https://raw.githubusercontent.com/Koolson/Qure/master/IconSet/Alibaba_Cloud.png"},{"name":"All4.png","url":"https://raw.githubusercontent.com/Koolson/Qure/master/IconSet/All4.png"},{"name":"AmyTelecom.png","url":"https://raw.githubusercontent.com/Koolson/Qure/master/IconSet/AmyTelecom.png"},{"name":"AmyTelecom_1.png","url":"https://raw.githubusercontent.com/Koolson/Qure/master/IconSet/AmyTelecom_1.png"},{"name":"Apol.png","url":"https://raw.githubusercontent.com/Koolson/Qure/master/IconSet/Apol.png"},{"name":"Apple.png","url":"https://raw.githubusercontent.com/Koolson/Qure/master/IconSet/Apple.png"},{"name":"Apple_Fitness+.png","url":"https://raw.githubusercontent.com/Koolson/Qure/master/IconSet/Apple_Fitness+.png"},{"name":"Apple_Fitness.png","url":"https://raw.githubusercontent.com/Koolson/Qure/master/IconSet/Apple_Fitness.png"},{"name":"Apple_Mail.png","url":"https://raw.githubusercontent.com/Koolson/Qure/master/IconSet/Apple_Mail.png"},{"name":"Apple_Music.png","url":"https://raw.githubusercontent.com/Koolson/Qure/master/IconSet/Apple_Music.png"},{"name":"Apple_News.png","url":"https://raw.githubusercontent.com/Koolson/Qure/master/IconSet/Apple_News.png"},{"name":"Apple_TV.png","url":"https://raw.githubusercontent.com/Koolson/Qure/master/IconSet/Apple_TV.png"},{"name":"Apple_TV_Plus.png","url":"https://raw.githubusercontent.com/Koolson/Qure/master/IconSet/Apple_TV_Plus.png"},{"name":"Apple_Update.png","url":"https://raw.githubusercontent.com/Koolson/Qure/master/IconSet/Apple_Update.png"},{"name":"App_Store.png","url":"https://raw.githubusercontent.com/Koolson/Qure/master/IconSet/App_Store.png"},{"name":"Area.png","url":"https://raw.githubusercontent.com/Koolson/Qure/master/IconSet/Area.png"},{"name":"ARK.png","url":"https://raw.githubusercontent.com/Koolson/Qure/master/IconSet/ARK.png"},{"name":"Auto.png","url":"https://raw.githubusercontent.com/Koolson/Qure/master/IconSet/Auto.png"},{"name":"Available.png","url":"https://raw.githubusercontent.com/Koolson/Qure/master/IconSet/Available.png"},{"name":"Available_Alt.png","url":"https://raw.githubusercontent.com/Koolson/Qure/master/IconSet/Available_Alt.png"},{"name":"AWS.png","url":"https://raw.githubusercontent.com/Koolson/Qure/master/IconSet/AWS.png"},{"name":"Azure.png","url":"https://raw.githubusercontent.com/Koolson/Qure/master/IconSet/Azure.png"},{"name":"Back.png","url":"https://raw.githubusercontent.com/Koolson/Qure/master/IconSet/Back.png"},{"name":"Bahamut.png","url":"https://raw.githubusercontent.com/Koolson/Qure/master/IconSet/Bahamut.png"},{"name":"Baidu_Cloud.png","url":"https://raw.githubusercontent.com/Koolson/Qure/master/IconSet/Baidu_Cloud.png"},{"name":"BBC_iPlayer.png","url":"https://raw.githubusercontent.com/Koolson/Qure/master/IconSet/BBC_iPlayer.png"},{"name":"BBTEC.png","url":"https://raw.githubusercontent.com/Koolson/Qure/master/IconSet/BBTEC.png"},{"name":"BGP.png","url":"https://raw.githubusercontent.com/Koolson/Qure/master/IconSet/BGP.png"},{"name":"bilibili.png","url":"https://raw.githubusercontent.com/Koolson/Qure/master/IconSet/bilibili.png"},{"name":"Blinkload.png","url":"https://raw.githubusercontent.com/Koolson/Qure/master/IconSet/Blinkload.png"},{"name":"Blinkload_B.png","url":"https://raw.githubusercontent.com/Koolson/Qure/master/IconSet/Blinkload_B.png"},{"name":"Blinkload_SS.png","url":"https://raw.githubusercontent.com/Koolson/Qure/master/IconSet/Blinkload_SS.png"},{"name":"Blinkload_V2Ray.png","url":"https://raw.githubusercontent.com/Koolson/Qure/master/IconSet/Blinkload_V2Ray.png"},{"name":"Bookpedia.png","url":"https://raw.githubusercontent.com/Koolson/Qure/master/IconSet/Bookpedia.png"},{"name":"BosLife.png","url":"https://raw.githubusercontent.com/Koolson/Qure/master/IconSet/BosLife.png"},{"name":"BosLife_Letter.png","url":"https://raw.githubusercontent.com/Koolson/Qure/master/IconSet/BosLife_Letter.png"},{"name":"Bot.png","url":"https://raw.githubusercontent.com/Koolson/Qure/master/IconSet/Bot.png"},{"name":"Bypass.png","url":"https://raw.githubusercontent.com/Koolson/Qure/master/IconSet/Bypass.png"},{"name":"CA.png","url":"https://raw.githubusercontent.com/Koolson/Qure/master/IconSet/CA.png"},{"name":"Canada.png","url":"https://raw.githubusercontent.com/Koolson/Qure/master/IconSet/Canada.png"},{"name":"CCCAT.png","url":"https://raw.githubusercontent.com/Koolson/Qure/master/IconSet/CCCAT.png"},{"name":"CCCAT_C.png","url":"https://raw.githubusercontent.com/Koolson/Qure/master/IconSet/CCCAT_C.png"},{"name":"Cellular.png","url":"https://raw.githubusercontent.com/Koolson/Qure/master/IconSet/Cellular.png"},{"name":"CEN.png","url":"https://raw.githubusercontent.com/Koolson/Qure/master/IconSet/CEN.png"},{"name":"China.png","url":"https://raw.githubusercontent.com/Koolson/Qure/master/IconSet/China.png"},{"name":"China_Map.png","url":"https://raw.githubusercontent.com/Koolson/Qure/master/IconSet/China_Map.png"},{"name":"China_Telecom.png","url":"https://raw.githubusercontent.com/Koolson/Qure/master/IconSet/China_Telecom.png"},{"name":"China_Unicom.png","url":"https://raw.githubusercontent.com/Koolson/Qure/master/IconSet/China_Unicom.png"},{"name":"CHT.png","url":"https://raw.githubusercontent.com/Koolson/Qure/master/IconSet/CHT.png"},{"name":"Cloudflare.png","url":"https://raw.githubusercontent.com/Koolson/Qure/master/IconSet/Cloudflare.png"},{"name":"CMI.png","url":"https://raw.githubusercontent.com/Koolson/Qure/master/IconSet/CMI.png"},{"name":"CN.png","url":"https://raw.githubusercontent.com/Koolson/Qure/master/IconSet/CN.png"},{"name":"CN2.png","url":"https://raw.githubusercontent.com/Koolson/Qure/master/IconSet/CN2.png"},{"name":"CN2_GIA.png","url":"https://raw.githubusercontent.com/Koolson/Qure/master/IconSet/CN2_GIA.png"},{"name":"CN2_GT.png","url":"https://raw.githubusercontent.com/Koolson/Qure/master/IconSet/CN2_GT.png"},{"name":"CONAIR.png","url":"https://raw.githubusercontent.com/Koolson/Qure/master/IconSet/CONAIR.png"},{"name":"CrossWall.png","url":"https://raw.githubusercontent.com/Koolson/Qure/master/IconSet/CrossWall.png"},{"name":"CTM.png","url":"https://raw.githubusercontent.com/Koolson/Qure/master/IconSet/CTM.png"},{"name":"Cydia.png","url":"https://raw.githubusercontent.com/Koolson/Qure/master/IconSet/Cydia.png"},{"name":"Daily.png","url":"https://raw.githubusercontent.com/Koolson/Qure/master/IconSet/Daily.png"},{"name":"DAZN.png","url":"https://raw.githubusercontent.com/Koolson/Qure/master/IconSet/DAZN.png"},{"name":"DE.png","url":"https://raw.githubusercontent.com/Koolson/Qure/master/IconSet/DE.png"},{"name":"deezer.png","url":"https://raw.githubusercontent.com/Koolson/Qure/master/IconSet/deezer.png"},{"name":"deezer_Letter.png","url":"https://raw.githubusercontent.com/Koolson/Qure/master/IconSet/deezer_Letter.png"},{"name":"Dinosaur.png","url":"https://raw.githubusercontent.com/Koolson/Qure/master/IconSet/Dinosaur.png"},{"name":"Direct.png","url":"https://raw.githubusercontent.com/Koolson/Qure/master/IconSet/Direct.png"},{"name":"discovery+.png","url":"https://raw.githubusercontent.com/Koolson/Qure/master/IconSet/discovery+.png"},{"name":"Disney+.png","url":"https://raw.githubusercontent.com/Koolson/Qure/master/IconSet/Disney+.png"},{"name":"Dler.png","url":"https://raw.githubusercontent.com/Koolson/Qure/master/IconSet/Dler.png"},{"name":"DMIT.png","url":"https://raw.githubusercontent.com/Koolson/Qure/master/IconSet/DMIT.png"},{"name":"Domestic.png","url":"https://raw.githubusercontent.com/Koolson/Qure/master/IconSet/Domestic.png"},{"name":"DomesticMedia.png","url":"https://raw.githubusercontent.com/Koolson/Qure/master/IconSet/DomesticMedia.png"},{"name":"Download.png","url":"https://raw.githubusercontent.com/Koolson/Qure/master/IconSet/Download.png"},{"name":"Drill.png","url":"https://raw.githubusercontent.com/Koolson/Qure/master/IconSet/Drill.png"},{"name":"Emby.png","url":"https://raw.githubusercontent.com/Koolson/Qure/master/IconSet/Emby.png"},{"name":"encoreTVB.png","url":"https://raw.githubusercontent.com/Koolson/Qure/master/IconSet/encoreTVB.png"},{"name":"ESPN+.png","url":"https://raw.githubusercontent.com/Koolson/Qure/master/IconSet/ESPN+.png"},{"name":"EU.png","url":"https://raw.githubusercontent.com/Koolson/Qure/master/IconSet/EU.png"},{"name":"European_Union.png","url":"https://raw.githubusercontent.com/Koolson/Qure/master/IconSet/European_Union.png"},{"name":"Facebook.png","url":"https://raw.githubusercontent.com/Koolson/Qure/master/IconSet/Facebook.png"},{"name":"FI.png","url":"https://raw.githubusercontent.com/Koolson/Qure/master/IconSet/FI.png"},{"name":"Filter.png","url":"https://raw.githubusercontent.com/Koolson/Qure/master/IconSet/Filter.png"},{"name":"Final.png","url":"https://raw.githubusercontent.com/Koolson/Qure/master/IconSet/Final.png"},{"name":"Find_My.png","url":"https://raw.githubusercontent.com/Koolson/Qure/master/IconSet/Find_My.png"},{"name":"Flamingo.png","url":"https://raw.githubusercontent.com/Koolson/Qure/master/IconSet/Flamingo.png"},{"name":"ForeignMedia.png","url":"https://raw.githubusercontent.com/Koolson/Qure/master/IconSet/ForeignMedia.png"},{"name":"FOX.png","url":"https://raw.githubusercontent.com/Koolson/Qure/master/IconSet/FOX.png"},{"name":"friDay.png","url":"https://raw.githubusercontent.com/Koolson/Qure/master/IconSet/friDay.png"},{"name":"fuboTV.png","url":"https://raw.githubusercontent.com/Koolson/Qure/master/IconSet/fuboTV.png"},{"name":"G-Core_Labs.png","url":"https://raw.githubusercontent.com/Koolson/Qure/master/IconSet/G-Core_Labs.png"},{"name":"Game.png","url":"https://raw.githubusercontent.com/Koolson/Qure/master/IconSet/Game.png"},{"name":"GCP.png","url":"https://raw.githubusercontent.com/Koolson/Qure/master/IconSet/GCP.png"},{"name":"Germany.png","url":"https://raw.githubusercontent.com/Koolson/Qure/master/IconSet/Germany.png"},{"name":"GIA.png","url":"https://raw.githubusercontent.com/Koolson/Qure/master/IconSet/GIA.png"},{"name":"GLaDOS.png","url":"https://raw.githubusercontent.com/Koolson/Qure/master/IconSet/GLaDOS.png"},{"name":"Global.png","url":"https://raw.githubusercontent.com/Koolson/Qure/master/IconSet/Global.png"},{"name":"GlobalMedia.png","url":"https://raw.githubusercontent.com/Koolson/Qure/master/IconSet/GlobalMedia.png"},{"name":"Google.png","url":"https://raw.githubusercontent.com/Koolson/Qure/master/IconSet/Google.png"},{"name":"Google_Drive.png","url":"https://raw.githubusercontent.com/Koolson/Qure/master/IconSet/Google_Drive.png"},{"name":"Google_Opinion_Rewards.png","url":"https://raw.githubusercontent.com/Koolson/Qure/master/IconSet/Google_Opinion_Rewards.png"},{"name":"Google_Search.png","url":"https://raw.githubusercontent.com/Koolson/Qure/master/IconSet/Google_Search.png"},{"name":"GT.png","url":"https://raw.githubusercontent.com/Koolson/Qure/master/IconSet/GT.png"},{"name":"GuGuEX.png","url":"https://raw.githubusercontent.com/Koolson/Qure/master/IconSet/GuGuEX.png"},{"name":"GuGuEX_Letter.png","url":"https://raw.githubusercontent.com/Koolson/Qure/master/IconSet/GuGuEX_Letter.png"},{"name":"HBO.png","url":"https://raw.githubusercontent.com/Koolson/Qure/master/IconSet/HBO.png"},{"name":"HBO_Max.png","url":"https://raw.githubusercontent.com/Koolson/Qure/master/IconSet/HBO_Max.png"},{"name":"Heart.png","url":"https://raw.githubusercontent.com/Koolson/Qure/master/IconSet/Heart.png"},{"name":"Heureka.png","url":"https://raw.githubusercontent.com/Koolson/Qure/master/IconSet/Heureka.png"},{"name":"HGC.png","url":"https://raw.githubusercontent.com/Koolson/Qure/master/IconSet/HGC.png"},{"name":"Hijacking.png","url":"https://raw.githubusercontent.com/Koolson/Qure/master/IconSet/Hijacking.png"},{"name":"HiNet.png","url":"https://raw.githubusercontent.com/Koolson/Qure/master/IconSet/HiNet.png"},{"name":"hitun.png","url":"https://raw.githubusercontent.com/Koolson/Qure/master/IconSet/hitun.png"},{"name":"HK.png","url":"https://raw.githubusercontent.com/Koolson/Qure/master/IconSet/HK.png"},{"name":"HKBN.png","url":"https://raw.githubusercontent.com/Koolson/Qure/master/IconSet/HKBN.png"},{"name":"HKMTMedia.png","url":"https://raw.githubusercontent.com/Koolson/Qure/master/IconSet/HKMTMedia.png"},{"name":"HKT.png","url":"https://raw.githubusercontent.com/Koolson/Qure/master/IconSet/HKT.png"},{"name":"Hong_Kong.png","url":"https://raw.githubusercontent.com/Koolson/Qure/master/IconSet/Hong_Kong.png"},{"name":"Hulu.png","url":"https://raw.githubusercontent.com/Koolson/Qure/master/IconSet/Hulu.png"},{"name":"iCloud.png","url":"https://raw.githubusercontent.com/Koolson/Qure/master/IconSet/iCloud.png"},{"name":"IEPL.png","url":"https://raw.githubusercontent.com/Koolson/Qure/master/IconSet/IEPL.png"},{"name":"IIJ.png","url":"https://raw.githubusercontent.com/Koolson/Qure/master/IconSet/IIJ.png"},{"name":"IN.png","url":"https://raw.githubusercontent.com/Koolson/Qure/master/IconSet/IN.png"},{"name":"Ingress.png","url":"https://raw.githubusercontent.com/Koolson/Qure/master/IconSet/Ingress.png"},{"name":"Instagram.png","url":"https://raw.githubusercontent.com/Koolson/Qure/master/IconSet/Instagram.png"},{"name":"IPLC.png","url":"https://raw.githubusercontent.com/Koolson/Qure/master/IconSet/IPLC.png"},{"name":"iQIYI&bilibili.png","url":"https://raw.githubusercontent.com/Koolson/Qure/master/IconSet/iQIYI&bilibili.png"},{"name":"iQIYI.png","url":"https://raw.githubusercontent.com/Koolson/Qure/master/IconSet/iQIYI.png"},{"name":"ITV_Hub.png","url":"https://raw.githubusercontent.com/Koolson/Qure/master/IconSet/ITV_Hub.png"},{"name":"Japan.png","url":"https://raw.githubusercontent.com/Koolson/Qure/master/IconSet/Japan.png"},{"name":"JIYOU.png","url":"https://raw.githubusercontent.com/Koolson/Qure/master/IconSet/JIYOU.png"},{"name":"JOOX.png","url":"https://raw.githubusercontent.com/Koolson/Qure/master/IconSet/JOOX.png"},{"name":"JOOX_Letter.png","url":"https://raw.githubusercontent.com/Koolson/Qure/master/IconSet/JOOX_Letter.png"},{"name":"JP.png","url":"https://raw.githubusercontent.com/Koolson/Qure/master/IconSet/JP.png"},{"name":"KKBOX.png","url":"https://raw.githubusercontent.com/Koolson/Qure/master/IconSet/KKBOX.png"},{"name":"KKTV.png","url":"https://raw.githubusercontent.com/Koolson/Qure/master/IconSet/KKTV.png"},{"name":"Korea.png","url":"https://raw.githubusercontent.com/Koolson/Qure/master/IconSet/Korea.png"},{"name":"KR.png","url":"https://raw.githubusercontent.com/Koolson/Qure/master/IconSet/KR.png"},{"name":"KT.png","url":"https://raw.githubusercontent.com/Koolson/Qure/master/IconSet/KT.png"},{"name":"Lab.png","url":"https://raw.githubusercontent.com/Koolson/Qure/master/IconSet/Lab.png"},{"name":"League_of_Legends.png","url":"https://raw.githubusercontent.com/Koolson/Qure/master/IconSet/League_of_Legends.png"},{"name":"LineTV.png","url":"https://raw.githubusercontent.com/Koolson/Qure/master/IconSet/LineTV.png"},{"name":"LineTV_Letter.png","url":"https://raw.githubusercontent.com/Koolson/Qure/master/IconSet/LineTV_Letter.png"},{"name":"LiTV.png","url":"https://raw.githubusercontent.com/Koolson/Qure/master/IconSet/LiTV.png"},{"name":"Lock.png","url":"https://raw.githubusercontent.com/Koolson/Qure/master/IconSet/Lock.png"},{"name":"LOL.png","url":"https://raw.githubusercontent.com/Koolson/Qure/master/IconSet/LOL.png"},{"name":"Loop.png","url":"https://raw.githubusercontent.com/Koolson/Qure/master/IconSet/Loop.png"},{"name":"Macao.png","url":"https://raw.githubusercontent.com/Koolson/Qure/master/IconSet/Macao.png"},{"name":"Magic.png","url":"https://raw.githubusercontent.com/Koolson/Qure/master/IconSet/Magic.png"},{"name":"Mail.png","url":"https://raw.githubusercontent.com/Koolson/Qure/master/IconSet/Mail.png"},{"name":"Malaysia.png","url":"https://raw.githubusercontent.com/Koolson/Qure/master/IconSet/Malaysia.png"},{"name":"MAYING.png","url":"https://raw.githubusercontent.com/Koolson/Qure/master/IconSet/MAYING.png"},{"name":"Media.png","url":"https://raw.githubusercontent.com/Koolson/Qure/master/IconSet/Media.png"},{"name":"Microsoft.png","url":"https://raw.githubusercontent.com/Koolson/Qure/master/IconSet/Microsoft.png"},{"name":"MO.png","url":"https://raw.githubusercontent.com/Koolson/Qure/master/IconSet/MO.png"},{"name":"Mouse.png","url":"https://raw.githubusercontent.com/Koolson/Qure/master/IconSet/Mouse.png"},{"name":"Music.png","url":"https://raw.githubusercontent.com/Koolson/Qure/master/IconSet/Music.png"},{"name":"Music_Enhance.png","url":"https://raw.githubusercontent.com/Koolson/Qure/master/IconSet/Music_Enhance.png"},{"name":"MY.png","url":"https://raw.githubusercontent.com/Koolson/Qure/master/IconSet/MY.png"},{"name":"My5.png","url":"https://raw.githubusercontent.com/Koolson/Qure/master/IconSet/My5.png"},{"name":"myTV_SUPER.png","url":"https://raw.githubusercontent.com/Koolson/Qure/master/IconSet/myTV_SUPER.png"},{"name":"N3RO.png","url":"https://raw.githubusercontent.com/Koolson/Qure/master/IconSet/N3RO.png"},{"name":"NBC.png","url":"https://raw.githubusercontent.com/Koolson/Qure/master/IconSet/NBC.png"},{"name":"Netease_Music.png","url":"https://raw.githubusercontent.com/Koolson/Qure/master/IconSet/Netease_Music.png"},{"name":"Netease_Music_Unlock.png","url":"https://raw.githubusercontent.com/Koolson/Qure/master/IconSet/Netease_Music_Unlock.png"},{"name":"Netflix.png","url":"https://raw.githubusercontent.com/Koolson/Qure/master/IconSet/Netflix.png"},{"name":"Netflix_Letter.png","url":"https://raw.githubusercontent.com/Koolson/Qure/master/IconSet/Netflix_Letter.png"},{"name":"Nexitally.png","url":"https://raw.githubusercontent.com/Koolson/Qure/master/IconSet/Nexitally.png"},{"name":"niconico.png","url":"https://raw.githubusercontent.com/Koolson/Qure/master/IconSet/niconico.png"},{"name":"niconico_Letter.png","url":"https://raw.githubusercontent.com/Koolson/Qure/master/IconSet/niconico_Letter.png"},{"name":"Notion.png","url":"https://raw.githubusercontent.com/Koolson/Qure/master/IconSet/Notion.png"},{"name":"NTT.png","url":"https://raw.githubusercontent.com/Koolson/Qure/master/IconSet/NTT.png"},{"name":"Null_Nation.png","url":"https://raw.githubusercontent.com/Koolson/Qure/master/IconSet/Null_Nation.png"},{"name":"NyanCat.png","url":"https://raw.githubusercontent.com/Koolson/Qure/master/IconSet/NyanCat.png"},{"name":"OneDrive.png","url":"https://raw.githubusercontent.com/Koolson/Qure/master/IconSet/OneDrive.png"},{"name":"Oracle.png","url":"https://raw.githubusercontent.com/Koolson/Qure/master/IconSet/Oracle.png"},{"name":"Ox.png","url":"https://raw.githubusercontent.com/Koolson/Qure/master/IconSet/Ox.png"},{"name":"Pandora.png","url":"https://raw.githubusercontent.com/Koolson/Qure/master/IconSet/Pandora.png"},{"name":"PayPal.png","url":"https://raw.githubusercontent.com/Koolson/Qure/master/IconSet/PayPal.png"},{"name":"PBS.png","url":"https://raw.githubusercontent.com/Koolson/Qure/master/IconSet/PBS.png"},{"name":"PCCW.png","url":"https://raw.githubusercontent.com/Koolson/Qure/master/IconSet/PCCW.png"},{"name":"Peacock.png","url":"https://raw.githubusercontent.com/Koolson/Qure/master/IconSet/Peacock.png"},{"name":"Peacock_Letter.png","url":"https://raw.githubusercontent.com/Koolson/Qure/master/IconSet/Peacock_Letter.png"},{"name":"Peacock_P.png","url":"https://raw.githubusercontent.com/Koolson/Qure/master/IconSet/Peacock_P.png"},{"name":"PH.png","url":"https://raw.githubusercontent.com/Koolson/Qure/master/IconSet/PH.png"},{"name":"Philippines.png","url":"https://raw.githubusercontent.com/Koolson/Qure/master/IconSet/Philippines.png"},{"name":"Pig.png","url":"https://raw.githubusercontent.com/Koolson/Qure/master/IconSet/Pig.png"},{"name":"Pornhub.png","url":"https://raw.githubusercontent.com/Koolson/Qure/master/IconSet/Pornhub.png"},{"name":"PostBox.png","url":"https://raw.githubusercontent.com/Koolson/Qure/master/IconSet/PostBox.png"},{"name":"PostBox_Alt.png","url":"https://raw.githubusercontent.com/Koolson/Qure/master/IconSet/PostBox_Alt.png"},{"name":"Prime_Video.png","url":"https://raw.githubusercontent.com/Koolson/Qure/master/IconSet/Prime_Video.png"},{"name":"Proxy.png","url":"https://raw.githubusercontent.com/Koolson/Qure/master/IconSet/Proxy.png"},{"name":"Puzzle.png","url":"https://raw.githubusercontent.com/Koolson/Qure/master/IconSet/Puzzle.png"},{"name":"QQ.png","url":"https://raw.githubusercontent.com/Koolson/Qure/master/IconSet/QQ.png"},{"name":"Quantumult_X.png","url":"https://raw.githubusercontent.com/Koolson/Qure/master/IconSet/Quantumult_X.png"},{"name":"Qure.png","url":"https://raw.githubusercontent.com/Koolson/Qure/master/IconSet/Qure.png"},{"name":"Reject.png","url":"https://raw.githubusercontent.com/Koolson/Qure/master/IconSet/Reject.png"},{"name":"rix.png","url":"https://raw.githubusercontent.com/Koolson/Qure/master/IconSet/rix.png"},{"name":"rixcloud.png","url":"https://raw.githubusercontent.com/Koolson/Qure/master/IconSet/rixcloud.png"},{"name":"Rocket.png","url":"https://raw.githubusercontent.com/Koolson/Qure/master/IconSet/Rocket.png"},{"name":"Round_Robin.png","url":"https://raw.githubusercontent.com/Koolson/Qure/master/IconSet/Round_Robin.png"},{"name":"Round_Robin_Alt.png","url":"https://raw.githubusercontent.com/Koolson/Qure/master/IconSet/Round_Robin_Alt.png"},{"name":"RU.png","url":"https://raw.githubusercontent.com/Koolson/Qure/master/IconSet/RU.png"},{"name":"Russia.png","url":"https://raw.githubusercontent.com/Koolson/Qure/master/IconSet/Russia.png"},{"name":"Server.png","url":"https://raw.githubusercontent.com/Koolson/Qure/master/IconSet/Server.png"},{"name":"SG.png","url":"https://raw.githubusercontent.com/Koolson/Qure/master/IconSet/SG.png"},{"name":"Singapore.png","url":"https://raw.githubusercontent.com/Koolson/Qure/master/IconSet/Singapore.png"},{"name":"Siri.png","url":"https://raw.githubusercontent.com/Koolson/Qure/master/IconSet/Siri.png"},{"name":"SK.png","url":"https://raw.githubusercontent.com/Koolson/Qure/master/IconSet/SK.png"},{"name":"Sling_TV.png","url":"https://raw.githubusercontent.com/Koolson/Qure/master/IconSet/Sling_TV.png"},{"name":"SoftBank.png","url":"https://raw.githubusercontent.com/Koolson/Qure/master/IconSet/SoftBank.png"},{"name":"SoftBank_Letter.png","url":"https://raw.githubusercontent.com/Koolson/Qure/master/IconSet/SoftBank_Letter.png"},{"name":"Spark.png","url":"https://raw.githubusercontent.com/Koolson/Qure/master/IconSet/Spark.png"},{"name":"Speedtest.png","url":"https://raw.githubusercontent.com/Koolson/Qure/master/IconSet/Speedtest.png"},{"name":"Spotify.png","url":"https://raw.githubusercontent.com/Koolson/Qure/master/IconSet/Spotify.png"},{"name":"SS.png","url":"https://raw.githubusercontent.com/Koolson/Qure/master/IconSet/SS.png"},{"name":"SSID.png","url":"https://raw.githubusercontent.com/Koolson/Qure/master/IconSet/SSID.png"},{"name":"SSID_Alt.png","url":"https://raw.githubusercontent.com/Koolson/Qure/master/IconSet/SSID_Alt.png"},{"name":"SSR.png","url":"https://raw.githubusercontent.com/Koolson/Qure/master/IconSet/SSR.png"},{"name":"ssrcloud.png","url":"https://raw.githubusercontent.com/Koolson/Qure/master/IconSet/ssrcloud.png"},{"name":"SSR_Letter.png","url":"https://raw.githubusercontent.com/Koolson/Qure/master/IconSet/SSR_Letter.png"},{"name":"SS_Letter.png","url":"https://raw.githubusercontent.com/Koolson/Qure/master/IconSet/SS_Letter.png"},{"name":"Stack.png","url":"https://raw.githubusercontent.com/Koolson/Qure/master/IconSet/Stack.png"},{"name":"Star.png","url":"https://raw.githubusercontent.com/Koolson/Qure/master/IconSet/Star.png"},{"name":"Static.png","url":"https://raw.githubusercontent.com/Koolson/Qure/master/IconSet/Static.png"},{"name":"Static_Alt.png","url":"https://raw.githubusercontent.com/Koolson/Qure/master/IconSet/Static_Alt.png"},{"name":"Streaming.png","url":"https://raw.githubusercontent.com/Koolson/Qure/master/IconSet/Streaming.png"},{"name":"StreamingCN.png","url":"https://raw.githubusercontent.com/Koolson/Qure/master/IconSet/StreamingCN.png"},{"name":"StreamingSE.png","url":"https://raw.githubusercontent.com/Koolson/Qure/master/IconSet/StreamingSE.png"},{"name":"Taiwan.png","url":"https://raw.githubusercontent.com/Koolson/Qure/master/IconSet/Taiwan.png"},{"name":"Taobao.png","url":"https://raw.githubusercontent.com/Koolson/Qure/master/IconSet/Taobao.png"},{"name":"Telegram.png","url":"https://raw.githubusercontent.com/Koolson/Qure/master/IconSet/Telegram.png"},{"name":"Telegram_X.png","url":"https://raw.githubusercontent.com/Koolson/Qure/master/IconSet/Telegram_X.png"},{"name":"Tencent_Cloud.png","url":"https://raw.githubusercontent.com/Koolson/Qure/master/IconSet/Tencent_Cloud.png"},{"name":"TestFlight.png","url":"https://raw.githubusercontent.com/Koolson/Qure/master/IconSet/TestFlight.png"},{"name":"TH.png","url":"https://raw.githubusercontent.com/Koolson/Qure/master/IconSet/TH.png"},{"name":"Thailand.png","url":"https://raw.githubusercontent.com/Koolson/Qure/master/IconSet/Thailand.png"},{"name":"TIDAL.png","url":"https://raw.githubusercontent.com/Koolson/Qure/master/IconSet/TIDAL.png"},{"name":"TikTok.png","url":"https://raw.githubusercontent.com/Koolson/Qure/master/IconSet/TikTok.png"},{"name":"TR.png","url":"https://raw.githubusercontent.com/Koolson/Qure/master/IconSet/TR.png"},{"name":"Trojan.png","url":"https://raw.githubusercontent.com/Koolson/Qure/master/IconSet/Trojan.png"},{"name":"Trojan_Letter.png","url":"https://raw.githubusercontent.com/Koolson/Qure/master/IconSet/Trojan_Letter.png"},{"name":"Turkey.png","url":"https://raw.githubusercontent.com/Koolson/Qure/master/IconSet/Turkey.png"},{"name":"TVB.png","url":"https://raw.githubusercontent.com/Koolson/Qure/master/IconSet/TVB.png"},{"name":"TW.png","url":"https://raw.githubusercontent.com/Koolson/Qure/master/IconSet/TW.png"},{"name":"Twitch.png","url":"https://raw.githubusercontent.com/Koolson/Qure/master/IconSet/Twitch.png"},{"name":"Twitter.png","url":"https://raw.githubusercontent.com/Koolson/Qure/master/IconSet/Twitter.png"},{"name":"UK.png","url":"https://raw.githubusercontent.com/Koolson/Qure/master/IconSet/UK.png"},{"name":"ULB.png","url":"https://raw.githubusercontent.com/Koolson/Qure/master/IconSet/ULB.png"},{"name":"ULB_Alt.png","url":"https://raw.githubusercontent.com/Koolson/Qure/master/IconSet/ULB_Alt.png"},{"name":"UN.png","url":"https://raw.githubusercontent.com/Koolson/Qure/master/IconSet/UN.png"},{"name":"United_Kingdom.png","url":"https://raw.githubusercontent.com/Koolson/Qure/master/IconSet/United_Kingdom.png"},{"name":"United_Nations.png","url":"https://raw.githubusercontent.com/Koolson/Qure/master/IconSet/United_Nations.png"},{"name":"United_States.png","url":"https://raw.githubusercontent.com/Koolson/Qure/master/IconSet/United_States.png"},{"name":"United_States_Map.png","url":"https://raw.githubusercontent.com/Koolson/Qure/master/IconSet/United_States_Map.png"},{"name":"Unlock.png","url":"https://raw.githubusercontent.com/Koolson/Qure/master/IconSet/Unlock.png"},{"name":"US.png","url":"https://raw.githubusercontent.com/Koolson/Qure/master/IconSet/US.png"},{"name":"Vimeo.png","url":"https://raw.githubusercontent.com/Koolson/Qure/master/IconSet/Vimeo.png"},{"name":"VIP.png","url":"https://raw.githubusercontent.com/Koolson/Qure/master/IconSet/VIP.png"},{"name":"VirMach.png","url":"https://raw.githubusercontent.com/Koolson/Qure/master/IconSet/VirMach.png"},{"name":"VirMach_Letter.png","url":"https://raw.githubusercontent.com/Koolson/Qure/master/IconSet/VirMach_Letter.png"},{"name":"ViuTV.png","url":"https://raw.githubusercontent.com/Koolson/Qure/master/IconSet/ViuTV.png"},{"name":"VMess.png","url":"https://raw.githubusercontent.com/Koolson/Qure/master/IconSet/VMess.png"},{"name":"VMess_Letter.png","url":"https://raw.githubusercontent.com/Koolson/Qure/master/IconSet/VMess_Letter.png"},{"name":"w8ves.png","url":"https://raw.githubusercontent.com/Koolson/Qure/master/IconSet/w8ves.png"},{"name":"w8ves_Letter.png","url":"https://raw.githubusercontent.com/Koolson/Qure/master/IconSet/w8ves_Letter.png"},{"name":"Want_Want.png","url":"https://raw.githubusercontent.com/Koolson/Qure/master/IconSet/Want_Want.png"},{"name":"Want_Want_Letter.png","url":"https://raw.githubusercontent.com/Koolson/Qure/master/IconSet/Want_Want_Letter.png"},{"name":"WeChat.png","url":"https://raw.githubusercontent.com/Koolson/Qure/master/IconSet/WeChat.png"},{"name":"WeTV.png","url":"https://raw.githubusercontent.com/Koolson/Qure/master/IconSet/WeTV.png"},{"name":"WeTV_Letter.png","url":"https://raw.githubusercontent.com/Koolson/Qure/master/IconSet/WeTV_Letter.png"},{"name":"WiFi.png","url":"https://raw.githubusercontent.com/Koolson/Qure/master/IconSet/WiFi.png"},{"name":"Windows.png","url":"https://raw.githubusercontent.com/Koolson/Qure/master/IconSet/Windows.png"},{"name":"WTT.png","url":"https://raw.githubusercontent.com/Koolson/Qure/master/IconSet/WTT.png"},{"name":"x0.1.png","url":"https://raw.githubusercontent.com/Koolson/Qure/master/IconSet/x0.1.png"},{"name":"x0.2.png","url":"https://raw.githubusercontent.com/Koolson/Qure/master/IconSet/x0.2.png"},{"name":"x0.3.png","url":"https://raw.githubusercontent.com/Koolson/Qure/master/IconSet/x0.3.png"},{"name":"x0.4.png","url":"https://raw.githubusercontent.com/Koolson/Qure/master/IconSet/x0.4.png"},{"name":"x0.5.png","url":"https://raw.githubusercontent.com/Koolson/Qure/master/IconSet/x0.5.png"},{"name":"x0.7.png","url":"https://raw.githubusercontent.com/Koolson/Qure/master/IconSet/x0.7.png"},{"name":"x0.png","url":"https://raw.githubusercontent.com/Koolson/Qure/master/IconSet/x0.png"},{"name":"x1.0.png","url":"https://raw.githubusercontent.com/Koolson/Qure/master/IconSet/x1.0.png"},{"name":"x1.png","url":"https://raw.githubusercontent.com/Koolson/Qure/master/IconSet/x1.png"},{"name":"x2.0.png","url":"https://raw.githubusercontent.com/Koolson/Qure/master/IconSet/x2.0.png"},{"name":"x2.png","url":"https://raw.githubusercontent.com/Koolson/Qure/master/IconSet/x2.png"},{"name":"x3.0.png","url":"https://raw.githubusercontent.com/Koolson/Qure/master/IconSet/x3.0.png"},{"name":"x3.png","url":"https://raw.githubusercontent.com/Koolson/Qure/master/IconSet/x3.png"},{"name":"x4.0.png","url":"https://raw.githubusercontent.com/Koolson/Qure/master/IconSet/x4.0.png"},{"name":"x5.0.png","url":"https://raw.githubusercontent.com/Koolson/Qure/master/IconSet/x5.0.png"},{"name":"Yahoo.png","url":"https://raw.githubusercontent.com/Koolson/Qure/master/IconSet/Yahoo.png"},{"name":"Yahoo_Letter.png","url":"https://raw.githubusercontent.com/Koolson/Qure/master/IconSet/Yahoo_Letter.png"},{"name":"YouTube.png","url":"https://raw.githubusercontent.com/Koolson/Qure/master/IconSet/YouTube.png"},{"name":"YouTube_Letter.png","url":"https://raw.githubusercontent.com/Koolson/Qure/master/IconSet/YouTube_Letter.png"},{"name":"YouTube_Music.png","url":"https://raw.githubusercontent.com/Koolson/Qure/master/IconSet/YouTube_Music.png"},{"name":"YoYu.png","url":"https://raw.githubusercontent.com/Koolson/Qure/master/IconSet/YoYu.png"},{"name":"YoYu_Letter.png","url":"https://raw.githubusercontent.com/Koolson/Qure/master/IconSet/YoYu_Letter.png"},{"name":"YTOO.png","url":"https://raw.githubusercontent.com/Koolson/Qure/master/IconSet/YTOO.png"},{"name":"YTOO_Letter.png","url":"https://raw.githubusercontent.com/Koolson/Qure/master/IconSet/YTOO_Letter.png"}],"description":"Qure Light (All) 是 Qure 项目下的浅色主题的「所有」图标集 @Koolson"}