{"name":"Qure Color (All)","icons":[{"name":"STARZ.png","url":"https://raw.githubusercontent.com/Koolson/Qure/master/IconSet/Color/STARZ.png"},{"name":"AmyTelecom.png","url":"https://raw.githubusercontent.com/Koolson/Qure/master/IconSet/Color/AmyTelecom.png"},{"name":"Star_1.png","url":"https://raw.githubusercontent.com/Koolson/Qure/master/IconSet/Color/Star_1.png"},{"name":"Star+.png","url":"https://raw.githubusercontent.com/Koolson/Qure/master/IconSet/Color/Star+.png"},{"name":"Blackhole.png","url":"https://raw.githubusercontent.com/Koolson/Qure/master/IconSet/Color/Blackhole.png"},{"name":"Bamboo.png","url":"https://raw.githubusercontent.com/Koolson/Qure/master/IconSet/Color/Bamboo.png"},{"name":"Cat.png","url":"https://raw.githubusercontent.com/Koolson/Qure/master/IconSet/Color/Cat.png"},{"name":"Lambda.png","url":"https://raw.githubusercontent.com/Koolson/Qure/master/IconSet/Color/Lambda.png"},{"name":"Panda.png","url":"https://raw.githubusercontent.com/Koolson/Qure/master/IconSet/Color/Panda.png"},{"name":"SSL.png","url":"https://raw.githubusercontent.com/Koolson/Qure/master/IconSet/Color/SSL.png"},{"name":"5iTV.png","url":"https://raw.githubusercontent.com/Koolson/Qure/master/IconSet/Color/5iTV.png"},{"name":"Nfcloud.png","url":"https://raw.githubusercontent.com/Koolson/Qure/master/IconSet/Color/Nfcloud.png"},{"name":"Catnet.png","url":"https://raw.githubusercontent.com/Koolson/Qure/master/IconSet/Color/Catnet.png"},{"name":"HC.png","url":"https://raw.githubusercontent.com/Koolson/Qure/master/IconSet/Color/HC.png"},{"name":"AbemaTV.png","url":"https://raw.githubusercontent.com/Koolson/Qure/master/IconSet/Color/AbemaTV.png"},{"name":"AdBlack.png","url":"https://raw.githubusercontent.com/Koolson/Qure/master/IconSet/Color/AdBlack.png"},{"name":"Advertising.png","url":"https://raw.githubusercontent.com/Koolson/Qure/master/IconSet/Color/Advertising.png"},{"name":"AdWhite.png","url":"https://raw.githubusercontent.com/Koolson/Qure/master/IconSet/Color/AdWhite.png"},{"name":"AfreecaTV.png","url":"https://raw.githubusercontent.com/Koolson/Qure/master/IconSet/Color/AfreecaTV.png"},{"name":"Africa_Map.png","url":"https://raw.githubusercontent.com/Koolson/Qure/master/IconSet/Color/Africa_Map.png"},{"name":"AGA.png","url":"https://raw.githubusercontent.com/Koolson/Qure/master/IconSet/Color/AGA.png"},{"name":"AIA.png","url":"https://raw.githubusercontent.com/Koolson/Qure/master/IconSet/Color/AIA.png"},{"name":"Airport.png","url":"https://raw.githubusercontent.com/Koolson/Qure/master/IconSet/Color/Airport.png"},{"name":"Alibaba.png","url":"https://raw.githubusercontent.com/Koolson/Qure/master/IconSet/Color/Alibaba.png"},{"name":"All4.png","url":"https://raw.githubusercontent.com/Koolson/Qure/master/IconSet/Color/All4.png"},{"name":"Amazon.png","url":"https://raw.githubusercontent.com/Koolson/Qure/master/IconSet/Color/Amazon.png"},{"name":"Amazon_1.png","url":"https://raw.githubusercontent.com/Koolson/Qure/master/IconSet/Color/Amazon_1.png"},{"name":"America_Map.png","url":"https://raw.githubusercontent.com/Koolson/Qure/master/IconSet/Color/America_Map.png"},{"name":"Apple.png","url":"https://raw.githubusercontent.com/Koolson/Qure/master/IconSet/Color/Apple.png"},{"name":"Apple_1.png","url":"https://raw.githubusercontent.com/Koolson/Qure/master/IconSet/Color/Apple_1.png"},{"name":"Apple_2.png","url":"https://raw.githubusercontent.com/Koolson/Qure/master/IconSet/Color/Apple_2.png"},{"name":"Apple_Fitness+.png","url":"https://raw.githubusercontent.com/Koolson/Qure/master/IconSet/Color/Apple_Fitness+.png"},{"name":"Apple_Fitness+_Letter.png","url":"https://raw.githubusercontent.com/Koolson/Qure/master/IconSet/Color/Apple_Fitness+_Letter.png"},{"name":"Apple_Fitness.png","url":"https://raw.githubusercontent.com/Koolson/Qure/master/IconSet/Color/Apple_Fitness.png"},{"name":"Apple_Music.png","url":"https://raw.githubusercontent.com/Koolson/Qure/master/IconSet/Color/Apple_Music.png"},{"name":"Apple_News.png","url":"https://raw.githubusercontent.com/Koolson/Qure/master/IconSet/Color/Apple_News.png"},{"name":"Apple_TV.png","url":"https://raw.githubusercontent.com/Koolson/Qure/master/IconSet/Color/Apple_TV.png"},{"name":"Apple_TV_Plus.png","url":"https://raw.githubusercontent.com/Koolson/Qure/master/IconSet/Color/Apple_TV_Plus.png"},{"name":"Apple_Update.png","url":"https://raw.githubusercontent.com/Koolson/Qure/master/IconSet/Color/Apple_Update.png"},{"name":"App_Store.png","url":"https://raw.githubusercontent.com/Koolson/Qure/master/IconSet/Color/App_Store.png"},{"name":"Area.png","url":"https://raw.githubusercontent.com/Koolson/Qure/master/IconSet/Color/Area.png"},{"name":"Asia_Map.png","url":"https://raw.githubusercontent.com/Koolson/Qure/master/IconSet/Color/Asia_Map.png"},{"name":"AU.png","url":"https://raw.githubusercontent.com/Koolson/Qure/master/IconSet/Color/AU.png"},{"name":"Australia.png","url":"https://raw.githubusercontent.com/Koolson/Qure/master/IconSet/Color/Australia.png"},{"name":"Auto.png","url":"https://raw.githubusercontent.com/Koolson/Qure/master/IconSet/Color/Auto.png"},{"name":"Available.png","url":"https://raw.githubusercontent.com/Koolson/Qure/master/IconSet/Color/Available.png"},{"name":"Available_1.png","url":"https://raw.githubusercontent.com/Koolson/Qure/master/IconSet/Color/Available_1.png"},{"name":"Azure.png","url":"https://raw.githubusercontent.com/Koolson/Qure/master/IconSet/Color/Azure.png"},{"name":"Back.png","url":"https://raw.githubusercontent.com/Koolson/Qure/master/IconSet/Color/Back.png"},{"name":"Bahamut.png","url":"https://raw.githubusercontent.com/Koolson/Qure/master/IconSet/Color/Bahamut.png"},{"name":"BBC_iPlayer.png","url":"https://raw.githubusercontent.com/Koolson/Qure/master/IconSet/Color/BBC_iPlayer.png"},{"name":"BBC_iPlayer_1.png","url":"https://raw.githubusercontent.com/Koolson/Qure/master/IconSet/Color/BBC_iPlayer_1.png"},{"name":"BBC_iPlayer_2.png","url":"https://raw.githubusercontent.com/Koolson/Qure/master/IconSet/Color/BBC_iPlayer_2.png"},{"name":"BGP.png","url":"https://raw.githubusercontent.com/Koolson/Qure/master/IconSet/Color/BGP.png"},{"name":"bilibili.png","url":"https://raw.githubusercontent.com/Koolson/Qure/master/IconSet/Color/bilibili.png"},{"name":"bilibili_1.png","url":"https://raw.githubusercontent.com/Koolson/Qure/master/IconSet/Color/bilibili_1.png"},{"name":"bilibili_2.png","url":"https://raw.githubusercontent.com/Koolson/Qure/master/IconSet/Color/bilibili_2.png"},{"name":"bilibili_3.png","url":"https://raw.githubusercontent.com/Koolson/Qure/master/IconSet/Color/bilibili_3.png"},{"name":"bilibili_4.png","url":"https://raw.githubusercontent.com/Koolson/Qure/master/IconSet/Color/bilibili_4.png"},{"name":"Blinkload.png","url":"https://raw.githubusercontent.com/Koolson/Qure/master/IconSet/Color/Blinkload.png"},{"name":"Blinkload_1.png","url":"https://raw.githubusercontent.com/Koolson/Qure/master/IconSet/Color/Blinkload_1.png"},{"name":"Bookpedia.png","url":"https://raw.githubusercontent.com/Koolson/Qure/master/IconSet/Color/Bookpedia.png"},{"name":"BosLife.png","url":"https://raw.githubusercontent.com/Koolson/Qure/master/IconSet/Color/BosLife.png"},{"name":"BosLife_1.png","url":"https://raw.githubusercontent.com/Koolson/Qure/master/IconSet/Color/BosLife_1.png"},{"name":"Bot.png","url":"https://raw.githubusercontent.com/Koolson/Qure/master/IconSet/Color/Bot.png"},{"name":"BR.png","url":"https://raw.githubusercontent.com/Koolson/Qure/master/IconSet/Color/BR.png"},{"name":"Brazil.png","url":"https://raw.githubusercontent.com/Koolson/Qure/master/IconSet/Color/Brazil.png"},{"name":"Bypass.png","url":"https://raw.githubusercontent.com/Koolson/Qure/master/IconSet/Color/Bypass.png"},{"name":"CA.png","url":"https://raw.githubusercontent.com/Koolson/Qure/master/IconSet/Color/CA.png"},{"name":"Canada.png","url":"https://raw.githubusercontent.com/Koolson/Qure/master/IconSet/Color/Canada.png"},{"name":"CC.png","url":"https://raw.githubusercontent.com/Koolson/Qure/master/IconSet/Color/CC.png"},{"name":"Cellular.png","url":"https://raw.githubusercontent.com/Koolson/Qure/master/IconSet/Color/Cellular.png"},{"name":"China.png","url":"https://raw.githubusercontent.com/Koolson/Qure/master/IconSet/Color/China.png"},{"name":"China_Map.png","url":"https://raw.githubusercontent.com/Koolson/Qure/master/IconSet/Color/China_Map.png"},{"name":"Cloudflare.png","url":"https://raw.githubusercontent.com/Koolson/Qure/master/IconSet/Color/Cloudflare.png"},{"name":"Clubhouse.png","url":"https://raw.githubusercontent.com/Koolson/Qure/master/IconSet/Color/Clubhouse.png"},{"name":"Clubhouse_1.png","url":"https://raw.githubusercontent.com/Koolson/Qure/master/IconSet/Color/Clubhouse_1.png"},{"name":"Clubhouse_2.png","url":"https://raw.githubusercontent.com/Koolson/Qure/master/IconSet/Color/Clubhouse_2.png"},{"name":"CN.png","url":"https://raw.githubusercontent.com/Koolson/Qure/master/IconSet/Color/CN.png"},{"name":"Cryptocurrency.png","url":"https://raw.githubusercontent.com/Koolson/Qure/master/IconSet/Color/Cryptocurrency.png"},{"name":"Cryptocurrency_1.png","url":"https://raw.githubusercontent.com/Koolson/Qure/master/IconSet/Color/Cryptocurrency_1.png"},{"name":"Cryptocurrency_2.png","url":"https://raw.githubusercontent.com/Koolson/Qure/master/IconSet/Color/Cryptocurrency_2.png"},{"name":"Cryptocurrency_3.png","url":"https://raw.githubusercontent.com/Koolson/Qure/master/IconSet/Color/Cryptocurrency_3.png"},{"name":"Cydia.png","url":"https://raw.githubusercontent.com/Koolson/Qure/master/IconSet/Color/Cydia.png"},{"name":"Daily.png","url":"https://raw.githubusercontent.com/Koolson/Qure/master/IconSet/Color/Daily.png"},{"name":"DAZN.png","url":"https://raw.githubusercontent.com/Koolson/Qure/master/IconSet/Color/DAZN.png"},{"name":"DAZN_1.png","url":"https://raw.githubusercontent.com/Koolson/Qure/master/IconSet/Color/DAZN_1.png"},{"name":"DAZN_2.png","url":"https://raw.githubusercontent.com/Koolson/Qure/master/IconSet/Color/DAZN_2.png"},{"name":"DE.png","url":"https://raw.githubusercontent.com/Koolson/Qure/master/IconSet/Color/DE.png"},{"name":"deezer.png","url":"https://raw.githubusercontent.com/Koolson/Qure/master/IconSet/Color/deezer.png"},{"name":"deezer_1.png","url":"https://raw.githubusercontent.com/Koolson/Qure/master/IconSet/Color/deezer_1.png"},{"name":"deezer_2.png","url":"https://raw.githubusercontent.com/Koolson/Qure/master/IconSet/Color/deezer_2.png"},{"name":"Dinosaur.png","url":"https://raw.githubusercontent.com/Koolson/Qure/master/IconSet/Color/Dinosaur.png"},{"name":"Direct.png","url":"https://raw.githubusercontent.com/Koolson/Qure/master/IconSet/Color/Direct.png"},{"name":"Discord.png","url":"https://raw.githubusercontent.com/Koolson/Qure/master/IconSet/Color/Discord.png"},{"name":"discovery+.png","url":"https://raw.githubusercontent.com/Koolson/Qure/master/IconSet/Color/discovery+.png"},{"name":"Disney+.png","url":"https://raw.githubusercontent.com/Koolson/Qure/master/IconSet/Color/Disney+.png"},{"name":"Disney+_1.png","url":"https://raw.githubusercontent.com/Koolson/Qure/master/IconSet/Color/Disney+_1.png"},{"name":"Disney+_2.png","url":"https://raw.githubusercontent.com/Koolson/Qure/master/IconSet/Color/Disney+_2.png"},{"name":"Disney.png","url":"https://raw.githubusercontent.com/Koolson/Qure/master/IconSet/Color/Disney.png"},{"name":"Domestic.png","url":"https://raw.githubusercontent.com/Koolson/Qure/master/IconSet/Color/Domestic.png"},{"name":"DomesticMedia.png","url":"https://raw.githubusercontent.com/Koolson/Qure/master/IconSet/Color/DomesticMedia.png"},{"name":"Download.png","url":"https://raw.githubusercontent.com/Koolson/Qure/master/IconSet/Color/Download.png"},{"name":"Drill.png","url":"https://raw.githubusercontent.com/Koolson/Qure/master/IconSet/Color/Drill.png"},{"name":"EG.png","url":"https://raw.githubusercontent.com/Koolson/Qure/master/IconSet/Color/EG.png"},{"name":"Egypt.png","url":"https://raw.githubusercontent.com/Koolson/Qure/master/IconSet/Color/Egypt.png"},{"name":"Emby.png","url":"https://raw.githubusercontent.com/Koolson/Qure/master/IconSet/Color/Emby.png"},{"name":"encoreTVB.png","url":"https://raw.githubusercontent.com/Koolson/Qure/master/IconSet/Color/encoreTVB.png"},{"name":"ESPN+.png","url":"https://raw.githubusercontent.com/Koolson/Qure/master/IconSet/Color/ESPN+.png"},{"name":"ESPN+_1.png","url":"https://raw.githubusercontent.com/Koolson/Qure/master/IconSet/Color/ESPN+_1.png"},{"name":"ESPN+_2.png","url":"https://raw.githubusercontent.com/Koolson/Qure/master/IconSet/Color/ESPN+_2.png"},{"name":"EU.png","url":"https://raw.githubusercontent.com/Koolson/Qure/master/IconSet/Color/EU.png"},{"name":"European_Union.png","url":"https://raw.githubusercontent.com/Koolson/Qure/master/IconSet/Color/European_Union.png"},{"name":"Europe_Map.png","url":"https://raw.githubusercontent.com/Koolson/Qure/master/IconSet/Color/Europe_Map.png"},{"name":"Facebook.png","url":"https://raw.githubusercontent.com/Koolson/Qure/master/IconSet/Color/Facebook.png"},{"name":"FI.png","url":"https://raw.githubusercontent.com/Koolson/Qure/master/IconSet/Color/FI.png"},{"name":"Filter.png","url":"https://raw.githubusercontent.com/Koolson/Qure/master/IconSet/Color/Filter.png"},{"name":"Final.png","url":"https://raw.githubusercontent.com/Koolson/Qure/master/IconSet/Color/Final.png"},{"name":"Final_1.png","url":"https://raw.githubusercontent.com/Koolson/Qure/master/IconSet/Color/Final_1.png"},{"name":"Find_My.png","url":"https://raw.githubusercontent.com/Koolson/Qure/master/IconSet/Color/Find_My.png"},{"name":"Finland.png","url":"https://raw.githubusercontent.com/Koolson/Qure/master/IconSet/Color/Finland.png"},{"name":"Flamingo.png","url":"https://raw.githubusercontent.com/Koolson/Qure/master/IconSet/Color/Flamingo.png"},{"name":"ForeignMedia.png","url":"https://raw.githubusercontent.com/Koolson/Qure/master/IconSet/Color/ForeignMedia.png"},{"name":"FOX.png","url":"https://raw.githubusercontent.com/Koolson/Qure/master/IconSet/Color/FOX.png"},{"name":"FR.png","url":"https://raw.githubusercontent.com/Koolson/Qure/master/IconSet/Color/FR.png"},{"name":"France.png","url":"https://raw.githubusercontent.com/Koolson/Qure/master/IconSet/Color/France.png"},{"name":"friDay.png","url":"https://raw.githubusercontent.com/Koolson/Qure/master/IconSet/Color/friDay.png"},{"name":"fuboTV.png","url":"https://raw.githubusercontent.com/Koolson/Qure/master/IconSet/Color/fuboTV.png"},{"name":"Game.png","url":"https://raw.githubusercontent.com/Koolson/Qure/master/IconSet/Color/Game.png"},{"name":"Germany.png","url":"https://raw.githubusercontent.com/Koolson/Qure/master/IconSet/Color/Germany.png"},{"name":"GIA.png","url":"https://raw.githubusercontent.com/Koolson/Qure/master/IconSet/Color/GIA.png"},{"name":"GitHub.png","url":"https://raw.githubusercontent.com/Koolson/Qure/master/IconSet/Color/GitHub.png"},{"name":"GitHub_Letter.png","url":"https://raw.githubusercontent.com/Koolson/Qure/master/IconSet/Color/GitHub_Letter.png"},{"name":"Global.png","url":"https://raw.githubusercontent.com/Koolson/Qure/master/IconSet/Color/Global.png"},{"name":"Google.png","url":"https://raw.githubusercontent.com/Koolson/Qure/master/IconSet/Color/Google.png"},{"name":"Google_Drive.png","url":"https://raw.githubusercontent.com/Koolson/Qure/master/IconSet/Color/Google_Drive.png"},{"name":"Google_Opinion_Rewards.png","url":"https://raw.githubusercontent.com/Koolson/Qure/master/IconSet/Color/Google_Opinion_Rewards.png"},{"name":"Google_Search.png","url":"https://raw.githubusercontent.com/Koolson/Qure/master/IconSet/Color/Google_Search.png"},{"name":"HBO.png","url":"https://raw.githubusercontent.com/Koolson/Qure/master/IconSet/Color/HBO.png"},{"name":"HBO_1.png","url":"https://raw.githubusercontent.com/Koolson/Qure/master/IconSet/Color/HBO_1.png"},{"name":"HBO_2.png","url":"https://raw.githubusercontent.com/Koolson/Qure/master/IconSet/Color/HBO_2.png"},{"name":"HBO_GO.png","url":"https://raw.githubusercontent.com/Koolson/Qure/master/IconSet/Color/HBO_GO.png"},{"name":"HBO_GO_1.png","url":"https://raw.githubusercontent.com/Koolson/Qure/master/IconSet/Color/HBO_GO_1.png"},{"name":"HBO_GO_2.png","url":"https://raw.githubusercontent.com/Koolson/Qure/master/IconSet/Color/HBO_GO_2.png"},{"name":"HBO_Max.png","url":"https://raw.githubusercontent.com/Koolson/Qure/master/IconSet/Color/HBO_Max.png"},{"name":"Heart.png","url":"https://raw.githubusercontent.com/Koolson/Qure/master/IconSet/Color/Heart.png"},{"name":"Hijacking.png","url":"https://raw.githubusercontent.com/Koolson/Qure/master/IconSet/Color/Hijacking.png"},{"name":"HK.png","url":"https://raw.githubusercontent.com/Koolson/Qure/master/IconSet/Color/HK.png"},{"name":"HKMTMedia.png","url":"https://raw.githubusercontent.com/Koolson/Qure/master/IconSet/Color/HKMTMedia.png"},{"name":"Hong_Kong.png","url":"https://raw.githubusercontent.com/Koolson/Qure/master/IconSet/Color/Hong_Kong.png"},{"name":"Hulu.png","url":"https://raw.githubusercontent.com/Koolson/Qure/master/IconSet/Color/Hulu.png"},{"name":"Hulu_1.png","url":"https://raw.githubusercontent.com/Koolson/Qure/master/IconSet/Color/Hulu_1.png"},{"name":"iCloud.png","url":"https://raw.githubusercontent.com/Koolson/Qure/master/IconSet/Color/iCloud.png"},{"name":"IEPL.png","url":"https://raw.githubusercontent.com/Koolson/Qure/master/IconSet/Color/IEPL.png"},{"name":"IN.png","url":"https://raw.githubusercontent.com/Koolson/Qure/master/IconSet/Color/IN.png"},{"name":"India.png","url":"https://raw.githubusercontent.com/Koolson/Qure/master/IconSet/Color/India.png"},{"name":"Infuse.png","url":"https://raw.githubusercontent.com/Koolson/Qure/master/IconSet/Color/Infuse.png"},{"name":"Infuse_7.png","url":"https://raw.githubusercontent.com/Koolson/Qure/master/IconSet/Color/Infuse_7.png"},{"name":"Ingress.png","url":"https://raw.githubusercontent.com/Koolson/Qure/master/IconSet/Color/Ingress.png"},{"name":"Instagram.png","url":"https://raw.githubusercontent.com/Koolson/Qure/master/IconSet/Color/Instagram.png"},{"name":"IPLC.png","url":"https://raw.githubusercontent.com/Koolson/Qure/master/IconSet/Color/IPLC.png"},{"name":"iQIYI&bilibili.png","url":"https://raw.githubusercontent.com/Koolson/Qure/master/IconSet/Color/iQIYI&bilibili.png"},{"name":"iQIYI.png","url":"https://raw.githubusercontent.com/Koolson/Qure/master/IconSet/Color/iQIYI.png"},{"name":"ITV.png","url":"https://raw.githubusercontent.com/Koolson/Qure/master/IconSet/Color/ITV.png"},{"name":"ITV_1.png","url":"https://raw.githubusercontent.com/Koolson/Qure/master/IconSet/Color/ITV_1.png"},{"name":"ITV_2.png","url":"https://raw.githubusercontent.com/Koolson/Qure/master/IconSet/Color/ITV_2.png"},{"name":"Japan.png","url":"https://raw.githubusercontent.com/Koolson/Qure/master/IconSet/Color/Japan.png"},{"name":"JOOX.png","url":"https://raw.githubusercontent.com/Koolson/Qure/master/IconSet/Color/JOOX.png"},{"name":"JP.png","url":"https://raw.githubusercontent.com/Koolson/Qure/master/IconSet/Color/JP.png"},{"name":"KKBOX.png","url":"https://raw.githubusercontent.com/Koolson/Qure/master/IconSet/Color/KKBOX.png"},{"name":"KKTV.png","url":"https://raw.githubusercontent.com/Koolson/Qure/master/IconSet/Color/KKTV.png"},{"name":"Korea.png","url":"https://raw.githubusercontent.com/Koolson/Qure/master/IconSet/Color/Korea.png"},{"name":"KR.png","url":"https://raw.githubusercontent.com/Koolson/Qure/master/IconSet/Color/KR.png"},{"name":"Lab.png","url":"https://raw.githubusercontent.com/Koolson/Qure/master/IconSet/Color/Lab.png"},{"name":"League_of_Legends.png","url":"https://raw.githubusercontent.com/Koolson/Qure/master/IconSet/Color/League_of_Legends.png"},{"name":"Line.png","url":"https://raw.githubusercontent.com/Koolson/Qure/master/IconSet/Color/Line.png"},{"name":"LineTV.png","url":"https://raw.githubusercontent.com/Koolson/Qure/master/IconSet/Color/LineTV.png"},{"name":"LiTV.png","url":"https://raw.githubusercontent.com/Koolson/Qure/master/IconSet/Color/LiTV.png"},{"name":"Lock.png","url":"https://raw.githubusercontent.com/Koolson/Qure/master/IconSet/Color/Lock.png"},{"name":"LOL.png","url":"https://raw.githubusercontent.com/Koolson/Qure/master/IconSet/Color/LOL.png"},{"name":"Loop.png","url":"https://raw.githubusercontent.com/Koolson/Qure/master/IconSet/Color/Loop.png"},{"name":"Luffy.png","url":"https://raw.githubusercontent.com/Koolson/Qure/master/IconSet/Color/Luffy.png"},{"name":"Macao.png","url":"https://raw.githubusercontent.com/Koolson/Qure/master/IconSet/Color/Macao.png"},{"name":"Magic.png","url":"https://raw.githubusercontent.com/Koolson/Qure/master/IconSet/Color/Magic.png"},{"name":"Mail.png","url":"https://raw.githubusercontent.com/Koolson/Qure/master/IconSet/Color/Mail.png"},{"name":"Malaysia.png","url":"https://raw.githubusercontent.com/Koolson/Qure/master/IconSet/Color/Malaysia.png"},{"name":"Media.png","url":"https://raw.githubusercontent.com/Koolson/Qure/master/IconSet/Color/Media.png"},{"name":"Mickey.png","url":"https://raw.githubusercontent.com/Koolson/Qure/master/IconSet/Color/Mickey.png"},{"name":"Microsoft.png","url":"https://raw.githubusercontent.com/Koolson/Qure/master/IconSet/Color/Microsoft.png"},{"name":"MO.png","url":"https://raw.githubusercontent.com/Koolson/Qure/master/IconSet/Color/MO.png"},{"name":"Mouse.png","url":"https://raw.githubusercontent.com/Koolson/Qure/master/IconSet/Color/Mouse.png"},{"name":"Music_Enhance.png","url":"https://raw.githubusercontent.com/Koolson/Qure/master/IconSet/Color/Music_Enhance.png"},{"name":"MY.png","url":"https://raw.githubusercontent.com/Koolson/Qure/master/IconSet/Color/MY.png"},{"name":"My5.png","url":"https://raw.githubusercontent.com/Koolson/Qure/master/IconSet/Color/My5.png"},{"name":"myTV_SUPER.png","url":"https://raw.githubusercontent.com/Koolson/Qure/master/IconSet/Color/myTV_SUPER.png"},{"name":"NBA.png","url":"https://raw.githubusercontent.com/Koolson/Qure/master/IconSet/Color/NBA.png"},{"name":"NBC.png","url":"https://raw.githubusercontent.com/Koolson/Qure/master/IconSet/Color/NBC.png"},{"name":"Netease_Music.png","url":"https://raw.githubusercontent.com/Koolson/Qure/master/IconSet/Color/Netease_Music.png"},{"name":"Netease_Music_Unlock.png","url":"https://raw.githubusercontent.com/Koolson/Qure/master/IconSet/Color/Netease_Music_Unlock.png"},{"name":"Netflix.png","url":"https://raw.githubusercontent.com/Koolson/Qure/master/IconSet/Color/Netflix.png"},{"name":"Netflix_Letter.png","url":"https://raw.githubusercontent.com/Koolson/Qure/master/IconSet/Color/Netflix_Letter.png"},{"name":"niconico.png","url":"https://raw.githubusercontent.com/Koolson/Qure/master/IconSet/Color/niconico.png"},{"name":"niconico_1.png","url":"https://raw.githubusercontent.com/Koolson/Qure/master/IconSet/Color/niconico_1.png"},{"name":"niconico_2.png","url":"https://raw.githubusercontent.com/Koolson/Qure/master/IconSet/Color/niconico_2.png"},{"name":"Notion.png","url":"https://raw.githubusercontent.com/Koolson/Qure/master/IconSet/Color/Notion.png"},{"name":"nowe.png","url":"https://raw.githubusercontent.com/Koolson/Qure/master/IconSet/Color/nowe.png"},{"name":"Null_Nation.png","url":"https://raw.githubusercontent.com/Koolson/Qure/master/IconSet/Color/Null_Nation.png"},{"name":"Oceania_Map.png","url":"https://raw.githubusercontent.com/Koolson/Qure/master/IconSet/Color/Oceania_Map.png"},{"name":"OneDrive.png","url":"https://raw.githubusercontent.com/Koolson/Qure/master/IconSet/Color/OneDrive.png"},{"name":"Ox.png","url":"https://raw.githubusercontent.com/Koolson/Qure/master/IconSet/Color/Ox.png"},{"name":"Pandora.png","url":"https://raw.githubusercontent.com/Koolson/Qure/master/IconSet/Color/Pandora.png"},{"name":"Paramount.png","url":"https://raw.githubusercontent.com/Koolson/Qure/master/IconSet/Color/Paramount.png"},{"name":"PayPal.png","url":"https://raw.githubusercontent.com/Koolson/Qure/master/IconSet/Color/PayPal.png"},{"name":"PBS.png","url":"https://raw.githubusercontent.com/Koolson/Qure/master/IconSet/Color/PBS.png"},{"name":"Peacock.png","url":"https://raw.githubusercontent.com/Koolson/Qure/master/IconSet/Color/Peacock.png"},{"name":"Peacock_1.png","url":"https://raw.githubusercontent.com/Koolson/Qure/master/IconSet/Color/Peacock_1.png"},{"name":"Peacock_2.png","url":"https://raw.githubusercontent.com/Koolson/Qure/master/IconSet/Color/Peacock_2.png"},{"name":"PH.png","url":"https://raw.githubusercontent.com/Koolson/Qure/master/IconSet/Color/PH.png"},{"name":"Philippines.png","url":"https://raw.githubusercontent.com/Koolson/Qure/master/IconSet/Color/Philippines.png"},{"name":"Pig.png","url":"https://raw.githubusercontent.com/Koolson/Qure/master/IconSet/Color/Pig.png"},{"name":"Pornhub.png","url":"https://raw.githubusercontent.com/Koolson/Qure/master/IconSet/Color/Pornhub.png"},{"name":"Pornhub_1.png","url":"https://raw.githubusercontent.com/Koolson/Qure/master/IconSet/Color/Pornhub_1.png"},{"name":"Pornhub_2.png","url":"https://raw.githubusercontent.com/Koolson/Qure/master/IconSet/Color/Pornhub_2.png"},{"name":"PostBox.png","url":"https://raw.githubusercontent.com/Koolson/Qure/master/IconSet/Color/PostBox.png"},{"name":"PostBox_1.png","url":"https://raw.githubusercontent.com/Koolson/Qure/master/IconSet/Color/PostBox_1.png"},{"name":"Prime_Video.png","url":"https://raw.githubusercontent.com/Koolson/Qure/master/IconSet/Color/Prime_Video.png"},{"name":"Prime_Video_1.png","url":"https://raw.githubusercontent.com/Koolson/Qure/master/IconSet/Color/Prime_Video_1.png"},{"name":"Prime_Video_2.png","url":"https://raw.githubusercontent.com/Koolson/Qure/master/IconSet/Color/Prime_Video_2.png"},{"name":"Proxy.png","url":"https://raw.githubusercontent.com/Koolson/Qure/master/IconSet/Color/Proxy.png"},{"name":"Puzzle.png","url":"https://raw.githubusercontent.com/Koolson/Qure/master/IconSet/Color/Puzzle.png"},{"name":"QQ.png","url":"https://raw.githubusercontent.com/Koolson/Qure/master/IconSet/Color/QQ.png"},{"name":"Quantumult_X.png","url":"https://raw.githubusercontent.com/Koolson/Qure/master/IconSet/Color/Quantumult_X.png"},{"name":"Qure.png","url":"https://raw.githubusercontent.com/Koolson/Qure/master/IconSet/Color/Qure.png"},{"name":"Reject.png","url":"https://raw.githubusercontent.com/Koolson/Qure/master/IconSet/Color/Reject.png"},{"name":"Rocket.png","url":"https://raw.githubusercontent.com/Koolson/Qure/master/IconSet/Color/Rocket.png"},{"name":"Round_Robin.png","url":"https://raw.githubusercontent.com/Koolson/Qure/master/IconSet/Color/Round_Robin.png"},{"name":"Round_Robin_1.png","url":"https://raw.githubusercontent.com/Koolson/Qure/master/IconSet/Color/Round_Robin_1.png"},{"name":"RU.png","url":"https://raw.githubusercontent.com/Koolson/Qure/master/IconSet/Color/RU.png"},{"name":"Russia.png","url":"https://raw.githubusercontent.com/Koolson/Qure/master/IconSet/Color/Russia.png"},{"name":"Scholar.png","url":"https://raw.githubusercontent.com/Koolson/Qure/master/IconSet/Color/Scholar.png"},{"name":"Server.png","url":"https://raw.githubusercontent.com/Koolson/Qure/master/IconSet/Color/Server.png"},{"name":"SG.png","url":"https://raw.githubusercontent.com/Koolson/Qure/master/IconSet/Color/SG.png"},{"name":"Singapore.png","url":"https://raw.githubusercontent.com/Koolson/Qure/master/IconSet/Color/Singapore.png"},{"name":"Siri.png","url":"https://raw.githubusercontent.com/Koolson/Qure/master/IconSet/Color/Siri.png"},{"name":"Sling_TV.png","url":"https://raw.githubusercontent.com/Koolson/Qure/master/IconSet/Color/Sling_TV.png"},{"name":"Spark.png","url":"https://raw.githubusercontent.com/Koolson/Qure/master/IconSet/Color/Spark.png"},{"name":"Speedtest.png","url":"https://raw.githubusercontent.com/Koolson/Qure/master/IconSet/Color/Speedtest.png"},{"name":"Spotify.png","url":"https://raw.githubusercontent.com/Koolson/Qure/master/IconSet/Color/Spotify.png"},{"name":"SSID.png","url":"https://raw.githubusercontent.com/Koolson/Qure/master/IconSet/Color/SSID.png"},{"name":"SSID_1.png","url":"https://raw.githubusercontent.com/Koolson/Qure/master/IconSet/Color/SSID_1.png"},{"name":"Stack.png","url":"https://raw.githubusercontent.com/Koolson/Qure/master/IconSet/Color/Stack.png"},{"name":"Star.png","url":"https://raw.githubusercontent.com/Koolson/Qure/master/IconSet/Color/Star.png"},{"name":"Static.png","url":"https://raw.githubusercontent.com/Koolson/Qure/master/IconSet/Color/Static.png"},{"name":"Static_1.png","url":"https://raw.githubusercontent.com/Koolson/Qure/master/IconSet/Color/Static_1.png"},{"name":"Steam.png","url":"https://raw.githubusercontent.com/Koolson/Qure/master/IconSet/Color/Steam.png"},{"name":"Streaming.png","url":"https://raw.githubusercontent.com/Koolson/Qure/master/IconSet/Color/Streaming.png"},{"name":"StreamingCN.png","url":"https://raw.githubusercontent.com/Koolson/Qure/master/IconSet/Color/StreamingCN.png"},{"name":"StreamingSE.png","url":"https://raw.githubusercontent.com/Koolson/Qure/master/IconSet/Color/StreamingSE.png"},{"name":"TAG.png","url":"https://raw.githubusercontent.com/Koolson/Qure/master/IconSet/Color/TAG.png"},{"name":"Taiwan.png","url":"https://raw.githubusercontent.com/Koolson/Qure/master/IconSet/Color/Taiwan.png"},{"name":"Taobao.png","url":"https://raw.githubusercontent.com/Koolson/Qure/master/IconSet/Color/Taobao.png"},{"name":"Telegram.png","url":"https://raw.githubusercontent.com/Koolson/Qure/master/IconSet/Color/Telegram.png"},{"name":"Telegram_X.png","url":"https://raw.githubusercontent.com/Koolson/Qure/master/IconSet/Color/Telegram_X.png"},{"name":"TestFlight.png","url":"https://raw.githubusercontent.com/Koolson/Qure/master/IconSet/Color/TestFlight.png"},{"name":"TestFlight_1.png","url":"https://raw.githubusercontent.com/Koolson/Qure/master/IconSet/Color/TestFlight_1.png"},{"name":"TestFlight_2.png","url":"https://raw.githubusercontent.com/Koolson/Qure/master/IconSet/Color/TestFlight_2.png"},{"name":"TH.png","url":"https://raw.githubusercontent.com/Koolson/Qure/master/IconSet/Color/TH.png"},{"name":"Thailand.png","url":"https://raw.githubusercontent.com/Koolson/Qure/master/IconSet/Color/Thailand.png"},{"name":"TIDAL.png","url":"https://raw.githubusercontent.com/Koolson/Qure/master/IconSet/Color/TIDAL.png"},{"name":"TIDAL_1.png","url":"https://raw.githubusercontent.com/Koolson/Qure/master/IconSet/Color/TIDAL_1.png"},{"name":"TIDAL_2.png","url":"https://raw.githubusercontent.com/Koolson/Qure/master/IconSet/Color/TIDAL_2.png"},{"name":"TikTok.png","url":"https://raw.githubusercontent.com/Koolson/Qure/master/IconSet/Color/TikTok.png"},{"name":"TikTok_1.png","url":"https://raw.githubusercontent.com/Koolson/Qure/master/IconSet/Color/TikTok_1.png"},{"name":"TikTok_2.png","url":"https://raw.githubusercontent.com/Koolson/Qure/master/IconSet/Color/TikTok_2.png"},{"name":"TR.png","url":"https://raw.githubusercontent.com/Koolson/Qure/master/IconSet/Color/TR.png"},{"name":"Tubi.png","url":"https://raw.githubusercontent.com/Koolson/Qure/master/IconSet/Color/Tubi.png"},{"name":"Turkey.png","url":"https://raw.githubusercontent.com/Koolson/Qure/master/IconSet/Color/Turkey.png"},{"name":"TVB.png","url":"https://raw.githubusercontent.com/Koolson/Qure/master/IconSet/Color/TVB.png"},{"name":"TW.png","url":"https://raw.githubusercontent.com/Koolson/Qure/master/IconSet/Color/TW.png"},{"name":"Twitch.png","url":"https://raw.githubusercontent.com/Koolson/Qure/master/IconSet/Color/Twitch.png"},{"name":"Twitter.png","url":"https://raw.githubusercontent.com/Koolson/Qure/master/IconSet/Color/Twitter.png"},{"name":"UK.png","url":"https://raw.githubusercontent.com/Koolson/Qure/master/IconSet/Color/UK.png"},{"name":"ULB.png","url":"https://raw.githubusercontent.com/Koolson/Qure/master/IconSet/Color/ULB.png"},{"name":"ULB_1.png","url":"https://raw.githubusercontent.com/Koolson/Qure/master/IconSet/Color/ULB_1.png"},{"name":"UN.png","url":"https://raw.githubusercontent.com/Koolson/Qure/master/IconSet/Color/UN.png"},{"name":"United_Kingdom.png","url":"https://raw.githubusercontent.com/Koolson/Qure/master/IconSet/Color/United_Kingdom.png"},{"name":"United_Nations.png","url":"https://raw.githubusercontent.com/Koolson/Qure/master/IconSet/Color/United_Nations.png"},{"name":"United_States.png","url":"https://raw.githubusercontent.com/Koolson/Qure/master/IconSet/Color/United_States.png"},{"name":"United_States_Map.png","url":"https://raw.githubusercontent.com/Koolson/Qure/master/IconSet/Color/United_States_Map.png"},{"name":"Unlock.png","url":"https://raw.githubusercontent.com/Koolson/Qure/master/IconSet/Color/Unlock.png"},{"name":"US.png","url":"https://raw.githubusercontent.com/Koolson/Qure/master/IconSet/Color/US.png"},{"name":"Vimeo.png","url":"https://raw.githubusercontent.com/Koolson/Qure/master/IconSet/Color/Vimeo.png"},{"name":"VIP.png","url":"https://raw.githubusercontent.com/Koolson/Qure/master/IconSet/Color/VIP.png"},{"name":"Viu.png","url":"https://raw.githubusercontent.com/Koolson/Qure/master/IconSet/Color/Viu.png"},{"name":"ViuTV.png","url":"https://raw.githubusercontent.com/Koolson/Qure/master/IconSet/Color/ViuTV.png"},{"name":"Want_Want.png","url":"https://raw.githubusercontent.com/Koolson/Qure/master/IconSet/Color/Want_Want.png"},{"name":"Want_Want_1.png","url":"https://raw.githubusercontent.com/Koolson/Qure/master/IconSet/Color/Want_Want_1.png"},{"name":"WeChat.png","url":"https://raw.githubusercontent.com/Koolson/Qure/master/IconSet/Color/WeChat.png"},{"name":"WeTV.png","url":"https://raw.githubusercontent.com/Koolson/Qure/master/IconSet/Color/WeTV.png"},{"name":"WeTV_Letter.png","url":"https://raw.githubusercontent.com/Koolson/Qure/master/IconSet/Color/WeTV_Letter.png"},{"name":"WiFi.png","url":"https://raw.githubusercontent.com/Koolson/Qure/master/IconSet/Color/WiFi.png"},{"name":"Windows.png","url":"https://raw.githubusercontent.com/Koolson/Qure/master/IconSet/Color/Windows.png"},{"name":"Windows_11.png","url":"https://raw.githubusercontent.com/Koolson/Qure/master/IconSet/Color/Windows_11.png"},{"name":"World_Map.png","url":"https://raw.githubusercontent.com/Koolson/Qure/master/IconSet/Color/World_Map.png"},{"name":"Yahoo.png","url":"https://raw.githubusercontent.com/Koolson/Qure/master/IconSet/Color/Yahoo.png"},{"name":"Yahoo_1.png","url":"https://raw.githubusercontent.com/Koolson/Qure/master/IconSet/Color/Yahoo_1.png"},{"name":"YouTube.png","url":"https://raw.githubusercontent.com/Koolson/Qure/master/IconSet/Color/YouTube.png"},{"name":"YouTube_Letter.png","url":"https://raw.githubusercontent.com/Koolson/Qure/master/IconSet/Color/YouTube_Letter.png"},{"name":"YouTube_Music.png","url":"https://raw.githubusercontent.com/Koolson/Qure/master/IconSet/Color/YouTube_Music.png"}],"description":"Qure Color (All) 是 Qure 项目下的彩色主题的「所有」图标集 @Koolson"}