{"name":"Qure Color (Media)","icons":[{"name":"Star_1.png","url":"https://raw.githubusercontent.com/Koolson/Qure/master/IconSet/Color/Star_1.png"},{"name":"Star+.png","url":"https://raw.githubusercontent.com/Koolson/Qure/master/IconSet/Color/Star+.png"},{"name":"5iTV.png","url":"https://raw.githubusercontent.com/Koolson/Qure/master/IconSet/Color/5iTV.png"},{"name":"AbemaTV.png","url":"https://raw.githubusercontent.com/Koolson/Qure/master/IconSet/Color/AbemaTV.png"},{"name":"AfreecaTV.png","url":"https://raw.githubusercontent.com/Koolson/Qure/master/IconSet/Color/AfreecaTV.png"},{"name":"All4.png","url":"https://raw.githubusercontent.com/Koolson/Qure/master/IconSet/Color/All4.png"},{"name":"Apple_Fitness+.png","url":"https://raw.githubusercontent.com/Koolson/Qure/master/IconSet/Color/Apple_Fitness+.png"},{"name":"Apple_Fitness+_Letter.png","url":"https://raw.githubusercontent.com/Koolson/Qure/master/IconSet/Color/Apple_Fitness+_Letter.png"},{"name":"Apple_Music.png","url":"https://raw.githubusercontent.com/Koolson/Qure/master/IconSet/Color/Apple_Music.png"},{"name":"Apple_TV.png","url":"https://raw.githubusercontent.com/Koolson/Qure/master/IconSet/Color/Apple_TV.png"},{"name":"Apple_TV_Plus.png","url":"https://raw.githubusercontent.com/Koolson/Qure/master/IconSet/Color/Apple_TV_Plus.png"},{"name":"Bahamut.png","url":"https://raw.githubusercontent.com/Koolson/Qure/master/IconSet/Color/Bahamut.png"},{"name":"BBC_iPlayer.png","url":"https://raw.githubusercontent.com/Koolson/Qure/master/IconSet/Color/BBC_iPlayer.png"},{"name":"BBC_iPlayer_1.png","url":"https://raw.githubusercontent.com/Koolson/Qure/master/IconSet/Color/BBC_iPlayer_1.png"},{"name":"BBC_iPlayer_2.png","url":"https://raw.githubusercontent.com/Koolson/Qure/master/IconSet/Color/BBC_iPlayer_2.png"},{"name":"bilibili.png","url":"https://raw.githubusercontent.com/Koolson/Qure/master/IconSet/Color/bilibili.png"},{"name":"bilibili_1.png","url":"https://raw.githubusercontent.com/Koolson/Qure/master/IconSet/Color/bilibili_1.png"},{"name":"bilibili_2.png","url":"https://raw.githubusercontent.com/Koolson/Qure/master/IconSet/Color/bilibili_2.png"},{"name":"bilibili_3.png","url":"https://raw.githubusercontent.com/Koolson/Qure/master/IconSet/Color/bilibili_3.png"},{"name":"bilibili_4.png","url":"https://raw.githubusercontent.com/Koolson/Qure/master/IconSet/Color/bilibili_4.png"},{"name":"DAZN.png","url":"https://raw.githubusercontent.com/Koolson/Qure/master/IconSet/Color/DAZN.png"},{"name":"DAZN_1.png","url":"https://raw.githubusercontent.com/Koolson/Qure/master/IconSet/Color/DAZN_1.png"},{"name":"DAZN_2.png","url":"https://raw.githubusercontent.com/Koolson/Qure/master/IconSet/Color/DAZN_2.png"},{"name":"deezer.png","url":"https://raw.githubusercontent.com/Koolson/Qure/master/IconSet/Color/deezer.png"},{"name":"deezer_1.png","url":"https://raw.githubusercontent.com/Koolson/Qure/master/IconSet/Color/deezer_1.png"},{"name":"deezer_2.png","url":"https://raw.githubusercontent.com/Koolson/Qure/master/IconSet/Color/deezer_2.png"},{"name":"discovery+.png","url":"https://raw.githubusercontent.com/Koolson/Qure/master/IconSet/Color/discovery+.png"},{"name":"Disney+.png","url":"https://raw.githubusercontent.com/Koolson/Qure/master/IconSet/Color/Disney+.png"},{"name":"Disney+_1.png","url":"https://raw.githubusercontent.com/Koolson/Qure/master/IconSet/Color/Disney+_1.png"},{"name":"Disney+_2.png","url":"https://raw.githubusercontent.com/Koolson/Qure/master/IconSet/Color/Disney+_2.png"},{"name":"Disney.png","url":"https://raw.githubusercontent.com/Koolson/Qure/master/IconSet/Color/Disney.png"},{"name":"encoreTVB.png","url":"https://raw.githubusercontent.com/Koolson/Qure/master/IconSet/Color/encoreTVB.png"},{"name":"ESPN+.png","url":"https://raw.githubusercontent.com/Koolson/Qure/master/IconSet/Color/ESPN+.png"},{"name":"ESPN+_1.png","url":"https://raw.githubusercontent.com/Koolson/Qure/master/IconSet/Color/ESPN+_1.png"},{"name":"ESPN+_2.png","url":"https://raw.githubusercontent.com/Koolson/Qure/master/IconSet/Color/ESPN+_2.png"},{"name":"FOX.png","url":"https://raw.githubusercontent.com/Koolson/Qure/master/IconSet/Color/FOX.png"},{"name":"friDay.png","url":"https://raw.githubusercontent.com/Koolson/Qure/master/IconSet/Color/friDay.png"},{"name":"fuboTV.png","url":"https://raw.githubusercontent.com/Koolson/Qure/master/IconSet/Color/fuboTV.png"},{"name":"HBO.png","url":"https://raw.githubusercontent.com/Koolson/Qure/master/IconSet/Color/HBO.png"},{"name":"HBO_1.png","url":"https://raw.githubusercontent.com/Koolson/Qure/master/IconSet/Color/HBO_1.png"},{"name":"HBO_2.png","url":"https://raw.githubusercontent.com/Koolson/Qure/master/IconSet/Color/HBO_2.png"},{"name":"HBO_GO.png","url":"https://raw.githubusercontent.com/Koolson/Qure/master/IconSet/Color/HBO_GO.png"},{"name":"HBO_GO_1.png","url":"https://raw.githubusercontent.com/Koolson/Qure/master/IconSet/Color/HBO_GO_1.png"},{"name":"HBO_GO_2.png","url":"https://raw.githubusercontent.com/Koolson/Qure/master/IconSet/Color/HBO_GO_2.png"},{"name":"HBO_Max.png","url":"https://raw.githubusercontent.com/Koolson/Qure/master/IconSet/Color/HBO_Max.png"},{"name":"Hulu.png","url":"https://raw.githubusercontent.com/Koolson/Qure/master/IconSet/Color/Hulu.png"},{"name":"Hulu_1.png","url":"https://raw.githubusercontent.com/Koolson/Qure/master/IconSet/Color/Hulu_1.png"},{"name":"iQIYI&bilibili.png","url":"https://raw.githubusercontent.com/Koolson/Qure/master/IconSet/Color/iQIYI&bilibili.png"},{"name":"iQIYI.png","url":"https://raw.githubusercontent.com/Koolson/Qure/master/IconSet/Color/iQIYI.png"},{"name":"ITV.png","url":"https://raw.githubusercontent.com/Koolson/Qure/master/IconSet/Color/ITV.png"},{"name":"ITV_1.png","url":"https://raw.githubusercontent.com/Koolson/Qure/master/IconSet/Color/ITV_1.png"},{"name":"ITV_2.png","url":"https://raw.githubusercontent.com/Koolson/Qure/master/IconSet/Color/ITV_2.png"},{"name":"JOOX.png","url":"https://raw.githubusercontent.com/Koolson/Qure/master/IconSet/Color/JOOX.png"},{"name":"KKBOX.png","url":"https://raw.githubusercontent.com/Koolson/Qure/master/IconSet/Color/KKBOX.png"},{"name":"KKTV.png","url":"https://raw.githubusercontent.com/Koolson/Qure/master/IconSet/Color/KKTV.png"},{"name":"LineTV.png","url":"https://raw.githubusercontent.com/Koolson/Qure/master/IconSet/Color/LineTV.png"},{"name":"LiTV.png","url":"https://raw.githubusercontent.com/Koolson/Qure/master/IconSet/Color/LiTV.png"},{"name":"My5.png","url":"https://raw.githubusercontent.com/Koolson/Qure/master/IconSet/Color/My5.png"},{"name":"myTV_SUPER.png","url":"https://raw.githubusercontent.com/Koolson/Qure/master/IconSet/Color/myTV_SUPER.png"},{"name":"NBC.png","url":"https://raw.githubusercontent.com/Koolson/Qure/master/IconSet/Color/NBC.png"},{"name":"Netease_Music.png","url":"https://raw.githubusercontent.com/Koolson/Qure/master/IconSet/Color/Netease_Music.png"},{"name":"Netease_Music_Unlock.png","url":"https://raw.githubusercontent.com/Koolson/Qure/master/IconSet/Color/Netease_Music_Unlock.png"},{"name":"Netflix.png","url":"https://raw.githubusercontent.com/Koolson/Qure/master/IconSet/Color/Netflix.png"},{"name":"Netflix_Letter.png","url":"https://raw.githubusercontent.com/Koolson/Qure/master/IconSet/Color/Netflix_Letter.png"},{"name":"niconico.png","url":"https://raw.githubusercontent.com/Koolson/Qure/master/IconSet/Color/niconico.png"},{"name":"niconico_1.png","url":"https://raw.githubusercontent.com/Koolson/Qure/master/IconSet/Color/niconico_1.png"},{"name":"niconico_2.png","url":"https://raw.githubusercontent.com/Koolson/Qure/master/IconSet/Color/niconico_2.png"},{"name":"nowe.png","url":"https://raw.githubusercontent.com/Koolson/Qure/master/IconSet/Color/nowe.png"},{"name":"Pandora.png","url":"https://raw.githubusercontent.com/Koolson/Qure/master/IconSet/Color/Pandora.png"},{"name":"Paramount.png","url":"https://raw.githubusercontent.com/Koolson/Qure/master/IconSet/Color/Paramount.png"},{"name":"PBS.png","url":"https://raw.githubusercontent.com/Koolson/Qure/master/IconSet/Color/PBS.png"},{"name":"Peacock.png","url":"https://raw.githubusercontent.com/Koolson/Qure/master/IconSet/Color/Peacock.png"},{"name":"Peacock_1.png","url":"https://raw.githubusercontent.com/Koolson/Qure/master/IconSet/Color/Peacock_1.png"},{"name":"Peacock_2.png","url":"https://raw.githubusercontent.com/Koolson/Qure/master/IconSet/Color/Peacock_2.png"},{"name":"Pornhub.png","url":"https://raw.githubusercontent.com/Koolson/Qure/master/IconSet/Color/Pornhub.png"},{"name":"Pornhub_1.png","url":"https://raw.githubusercontent.com/Koolson/Qure/master/IconSet/Color/Pornhub_1.png"},{"name":"Pornhub_2.png","url":"https://raw.githubusercontent.com/Koolson/Qure/master/IconSet/Color/Pornhub_2.png"},{"name":"Prime_Video.png","url":"https://raw.githubusercontent.com/Koolson/Qure/master/IconSet/Color/Prime_Video.png"},{"name":"Prime_Video_1.png","url":"https://raw.githubusercontent.com/Koolson/Qure/master/IconSet/Color/Prime_Video_1.png"},{"name":"Prime_Video_2.png","url":"https://raw.githubusercontent.com/Koolson/Qure/master/IconSet/Color/Prime_Video_2.png"},{"name":"Sling_TV.png","url":"https://raw.githubusercontent.com/Koolson/Qure/master/IconSet/Color/Sling_TV.png"},{"name":"Spotify.png","url":"https://raw.githubusercontent.com/Koolson/Qure/master/IconSet/Color/Spotify.png"},{"name":"TIDAL.png","url":"https://raw.githubusercontent.com/Koolson/Qure/master/IconSet/Color/TIDAL.png"},{"name":"TIDAL_1.png","url":"https://raw.githubusercontent.com/Koolson/Qure/master/IconSet/Color/TIDAL_1.png"},{"name":"TIDAL_2.png","url":"https://raw.githubusercontent.com/Koolson/Qure/master/IconSet/Color/TIDAL_2.png"},{"name":"TikTok.png","url":"https://raw.githubusercontent.com/Koolson/Qure/master/IconSet/Color/TikTok.png"},{"name":"TikTok_1.png","url":"https://raw.githubusercontent.com/Koolson/Qure/master/IconSet/Color/TikTok_1.png"},{"name":"TikTok_2.png","url":"https://raw.githubusercontent.com/Koolson/Qure/master/IconSet/Color/TikTok_2.png"},{"name":"Tubi.png","url":"https://raw.githubusercontent.com/Koolson/Qure/master/IconSet/Color/Tubi.png"},{"name":"TVB.png","url":"https://raw.githubusercontent.com/Koolson/Qure/master/IconSet/Color/TVB.png"},{"name":"Twitch.png","url":"https://raw.githubusercontent.com/Koolson/Qure/master/IconSet/Color/Twitch.png"},{"name":"Vimeo.png","url":"https://raw.githubusercontent.com/Koolson/Qure/master/IconSet/Color/Vimeo.png"},{"name":"Viu.png","url":"https://raw.githubusercontent.com/Koolson/Qure/master/IconSet/Color/Viu.png"},{"name":"ViuTV.png","url":"https://raw.githubusercontent.com/Koolson/Qure/master/IconSet/Color/ViuTV.png"},{"name":"WeTV.png","url":"https://raw.githubusercontent.com/Koolson/Qure/master/IconSet/Color/WeTV.png"},{"name":"WeTV_Letter.png","url":"https://raw.githubusercontent.com/Koolson/Qure/master/IconSet/Color/WeTV_Letter.png"},{"name":"YouTube.png","url":"https://raw.githubusercontent.com/Koolson/Qure/master/IconSet/Color/YouTube.png"},{"name":"YouTube_Letter.png","url":"https://raw.githubusercontent.com/Koolson/Qure/master/IconSet/Color/YouTube_Letter.png"},{"name":"YouTube_Music.png","url":"https://raw.githubusercontent.com/Koolson/Qure/master/IconSet/Color/YouTube_Music.png"}],"description":"Qure Color (Media) 是 Qure 项目下的彩色主题的「流媒体」图标集 @Koolson"}