{"name":"Qure Color (Inhibition)","icons":[{"name":"AdBlack.png","url":"https://raw.githubusercontent.com/Koolson/Qure/master/IconSet/Color/AdBlack.png"},{"name":"Advertising.png","url":"https://raw.githubusercontent.com/Koolson/Qure/master/IconSet/Color/Advertising.png"},{"name":"AdWhite.png","url":"https://raw.githubusercontent.com/Koolson/Qure/master/IconSet/Color/AdWhite.png"},{"name":"Hijacking.png","url":"https://raw.githubusercontent.com/Koolson/Qure/master/IconSet/Color/Hijacking.png"}],"description":"Qure Color (Inhibition) 是 Qure 项目下的彩色主题的「禁止」图标集 @Koolson"}