{"name":"Qure Color (Archived)","icons":[{"name":"Blinkload.png","url":"https://raw.githubusercontent.com/Koolson/Qure/master/IconSet/Color/Blinkload.png"},{"name":"Blinkload_1.png","url":"https://raw.githubusercontent.com/Koolson/Qure/master/IconSet/Color/Blinkload_1.png"},{"name":"Luffy.png","url":"https://raw.githubusercontent.com/Koolson/Qure/master/IconSet/Color/Luffy.png"},{"name":"TAG.png","url":"https://raw.githubusercontent.com/Koolson/Qure/master/IconSet/Color/TAG.png"},{"name":"Taiwan.png","url":"https://raw.githubusercontent.com/Koolson/Qure/master/IconSet/Color/Taiwan.png"},{"name":"BosLife.png","url":"https://raw.githubusercontent.com/Koolson/Qure/master/IconSet/Color/BosLife.png"},{"name":"BosLife_1.png","url":"https://raw.githubusercontent.com/Koolson/Qure/master/IconSet/Color/BosLife_1.png"},{"name":"Nfcloud.png","url":"https://raw.githubusercontent.com/Koolson/Qure/master/IconSet/Color/Nfcloud.png"},{"name":"Catnet.png","url":"https://raw.githubusercontent.com/Koolson/Qure/master/IconSet/Color/Catnet.png"}],"description":"Qure Color (Archived) 是 Qure 项目下的彩色主题的「归档」图标集 @Koolson"}