{"name":"Qure Color (Common)","icons":[{"name":"Auto.png","url":"https://raw.githubusercontent.com/Koolson/Qure/master/IconSet/Color/Auto.png"},{"name":"Back.png","url":"https://raw.githubusercontent.com/Koolson/Qure/master/IconSet/Color/Back.png"},{"name":"Domestic.png","url":"https://raw.githubusercontent.com/Koolson/Qure/master/IconSet/Color/Domestic.png"},{"name":"DomesticMedia.png","url":"https://raw.githubusercontent.com/Koolson/Qure/master/IconSet/Color/DomesticMedia.png"},{"name":"Final.png","url":"https://raw.githubusercontent.com/Koolson/Qure/master/IconSet/Color/Final.png"},{"name":"Final_1.png","url":"https://raw.githubusercontent.com/Koolson/Qure/master/IconSet/Color/Final_1.png"},{"name":"ForeignMedia.png","url":"https://raw.githubusercontent.com/Koolson/Qure/master/IconSet/Color/ForeignMedia.png"},{"name":"Global.png","url":"https://raw.githubusercontent.com/Koolson/Qure/master/IconSet/Color/Global.png"},{"name":"HKMTMedia.png","url":"https://raw.githubusercontent.com/Koolson/Qure/master/IconSet/Color/HKMTMedia.png"},{"name":"Streaming.png","url":"https://raw.githubusercontent.com/Koolson/Qure/master/IconSet/Color/Streaming.png"},{"name":"StreamingCN.png","url":"https://raw.githubusercontent.com/Koolson/Qure/master/IconSet/Color/StreamingCN.png"},{"name":"StreamingSE.png","url":"https://raw.githubusercontent.com/Koolson/Qure/master/IconSet/Color/StreamingSE.png"}],"description":"Qure Color (Common) 是 Qure 项目下的彩色主题的「常用」图标集 @Koolson"}