{
  "releases": [
    {
      "version": "0.7.56",
      "tags": ["beta"],
      "author": "@chavyleung",
      "msg": "更新[BoxJs TF]: 修复一处导致白屏逻辑",
      "notes": [
        {
          "name": "修复",
          "descs": ["修复一处导致白屏逻辑"]
        }
      ]
    },
    {
      "version": "0.7.55",
      "tags": ["beta"],
      "author": "@chavyleung",
      "msg": "更新[BoxJs TF]: 顶栏和底栏可以设置跟随滚动",
      "notes": [
        {
          "name": "新增",
          "descs": ["顶栏和底栏可以设置跟随滚动"]
        }
      ]
    },
    {
      "version": "0.7.54",
      "tags": ["beta"],
      "author": "@id77",
      "icon": "https://avatars3.githubusercontent.com/u/29748519",
      "repo": "https://github.com/chavyleung",
      "msg": "更新[BoxJs TF]: 侧栏增加新的贡献者 @id77",
      "notes": [
        {
          "name": "贡献者",
          "descs": ["新的贡献者 @id77"]
        }
      ]
    },
    {
      "version": "0.7.53",
      "tags": ["beta"],
      "author": "@GideonSenku",
      "icon": "https://avatars3.githubusercontent.com/u/29748519",
      "repo": "https://github.com/chavyleung",
      "msg": "更新[BoxJs TF]: 跟随系统壁纸设置同时支持中英文",
      "notes": [
        {
          "name": "新增",
          "descs": ["跟随系统壁纸设置支持中英文,且优先考虑中文关键字"]
        },
        {
          "name": "说明",
          "descs": ["中文关键字为`暗黑`和`明亮`,英文关键字不变"]
        }
      ]
    },
    {
      "version": "0.7.52",
      "tags": ["beta"],
      "author": "@id77 @chavyleung",
      "icon": "https://avatars3.githubusercontent.com/u/29748519",
      "repo": "https://github.com/chavyleung",
      "msg": "更新[BoxJs TF]: 删除备份后直接回到首页问题",
      "notes": [
        {
          "name": "移除",
          "descs": ["主屏幕的左右滑动手势", "原因: 与浏览器前进后退容易发生冲突"]
        },
        {
          "name": "修复",
          "descs": ["删除备份后直接回到首页问题"]
        },
        {
          "name": "优化",
          "descs": ["页面后退事件逻辑", "部分侧栏设置的小字说明"]
        }
      ]
    },
    {
      "version": "0.7.49",
      "tags": ["beta"],
      "author": "@GideonSenku",
      "icon": "https://avatars3.githubusercontent.com/u/29748519",
      "repo": "https://github.com/chavyleung",
      "msg": "更新[BoxJs TF]: 修复主屏左滑时与侧栏冲突问题",
      "notes": [
        {
          "name": "新增",
          "descs": ["背景图片可跟随系统调整"]
        },
        {
          "name": "调整",
          "descs": ["背景清单图片默认`无`更改为`跟随系统`"]
        },
        {
          "name": "修复",
          "descs": ["主屏左滑时与侧栏冲突问题"]
        },
        {
          "name": "说明",
          "descs": ["背景图片清单中设置:无{换行} 跟随系统,跟随系统{换行} light,图片地址{换行} dark,图片地址{换行}", "如果不设置`跟随系统,跟随系统`,则默认跟随系统为无背景"]
        }
      ]
    },
    {
      "version": "0.7.47",
      "tags": ["beta"],
      "author": "@chavyleung",
      "icon": "https://avatars3.githubusercontent.com/u/29748519",
      "repo": "https://github.com/chavyleung",
      "msg": "更新[BoxJs TF]: 修复代码编辑器高度, 部分界面左右滑动范围问题",
      "notes": [
        {
          "name": "修复",
          "descs": ["代码编辑器高度问题", "部分界面只能在有内容的范围左右滑动问题"]
        }
      ]
    },
    {
      "version": "0.7.46",
      "tags": ["beta"],
      "author": "@chavyleung",
      "icon": "https://avatars3.githubusercontent.com/u/29748519",
      "repo": "https://github.com/chavyleung",
      "msg": "更新[BoxJs TF]: 移除滑动动画, 勿扰模式不弹脚本执行结果页, 操作优化",
      "notes": [
        {
          "name": "优化",
          "descs": ["勿扰模式下运行脚本不弹出结果页", "壁纸模式下滑更容易退出壁纸模式"]
        },
        {
          "name": "移除",
          "descs": ["左右滑动切换页面的动画"]
        }
      ]
    },
    {
      "version": "0.7.45",
      "tags": ["beta"],
      "author": "@chavyleung",
      "icon": "https://avatars3.githubusercontent.com/u/29748519",
      "repo": "https://github.com/chavyleung",
      "msg": "更新[BoxJs TF]: 修复脚本执行结果、更新日志页面位置不正确, 主页左滑进入壁纸模式",
      "notes": [
        {
          "name": "新增",
          "descs": ["主页左滑进入壁纸模式"]
        },
        {
          "name": "修复",
          "descs": ["脚本执行结果、更新日志页面位置不正确"]
        }
      ]
    },
    {
      "version": "0.7.44",
      "tags": ["beta"],
      "author": "@chavyleung",
      "icon": "https://avatars3.githubusercontent.com/u/29748519",
      "repo": "https://github.com/chavyleung",
      "msg": "更新[BoxJs TF]: 主屏幕左右滑动可切换 首页、应用、订阅、我的 页面",
      "notes": [
        {
          "name": "新增",
          "descs": ["Surge、QuanX、Loon 手动运行脚本时都可以显示执行结果", "主屏幕左右滑动可切换 首页、应用、订阅、我的 页面"]
        },
        {
          "name": "修复",
          "descs": ["全局搜索结果位置不正确问题"]
        }
      ]
    },
    {
      "version": "0.7.43",
      "tags": ["beta"],
      "author": "@chavyleung",
      "icon": "https://avatars3.githubusercontent.com/u/29748519",
      "repo": "https://github.com/chavyleung",
      "msg": "更新[BoxJs TF]: 修复非壁纸模式下上滑仍然重新渲染壁纸",
      "notes": [
        {
          "name": "新增",
          "descs": ["在顶栏上滑可隐藏顶栏", "在底栏下滑可以隐藏底栏", "壁纸模式上滑可以重新渲染壁纸"]
        },
        {
          "name": "修复",
          "descs": ["代码编辑器不显示问题", "二次进入搜索界面无法自动获取焦点", "非壁纸模式下上滑仍然重新渲染壁纸"]
        }
      ]
    },
    {
      "version": "0.7.41",
      "tags": ["beta"],
      "author": "@chavyleung",
      "icon": "https://avatars3.githubusercontent.com/u/29748519",
      "repo": "https://github.com/chavyleung",
      "msg": "更新[BoxJs TF]: 修复顶栏隐藏时图标没往上挪, 悬浮按钮上滑切壁纸, 壁纸模式隐藏悬浮按钮",
      "notes": [
        {
          "name": "优化",
          "descs": ["壁纸模式会把悬浮按钮也隐藏起来"]
        },
        {
          "name": "修复",
          "descs": ["顶栏隐藏时图标没有往上挪"]
        },
        {
          "name": "悬浮按钮手势",
          "descs": ["上滑: 重渲染&切换壁纸", "左滑: 悬浮按钮左靠", "右滑: 悬浮按钮右靠", "下滑: 切换壁纸模式"]
        },
        {
          "name": "说明",
          "descs": ["壁纸模式下: 下滑取消壁纸模式", "非壁纸模式: 下滑显示\\隐藏顶栏"]
        }
      ]
    },
    {
      "version": "0.7.40",
      "tags": ["beta"],
      "author": "@chavyleung",
      "icon": "https://avatars3.githubusercontent.com/u/29748519",
      "repo": "https://github.com/chavyleung",
      "msg": "更新[BoxJs TF]: 新增壁纸模式、悬浮按钮手势",
      "notes": [
        {
          "name": "新增",
          "descs": ["壁纸模式", "悬浮按钮手势"]
        },
        {
          "name": "悬浮按钮手势",
          "descs": ["上滑: 刷新页面 (效果同双击)", "左滑: 悬浮按钮左靠", "右滑: 悬浮按钮右靠", "下滑: 切换壁纸模式"]
        }
      ]
    },
    {
      "version": "0.7.39",
      "tags": ["beta"],
      "author": "@chavyleung",
      "icon": "https://avatars3.githubusercontent.com/u/29748519",
      "repo": "https://github.com/chavyleung",
      "msg": "更新[BoxJs TF]: 修复部分情况下拉出顶栏事件失效问题",
      "notes": [
        {
          "name": "修复",
          "descs": ["部分情况下拉出顶栏事件失效问题"]
        },
        {
          "name": "优化",
          "descs": ["原来顶部的加载条移到底栏上方"]
        }
      ]
    },
    {
      "version": "0.7.38",
      "tags": ["beta"],
      "author": "@chavyleung",
      "icon": "https://avatars3.githubusercontent.com/u/29748519",
      "repo": "https://github.com/chavyleung",
      "msg": "更新[BoxJs TF]: 新增 Surge HTTP-API 环境下运行脚本会显示运行结果",
      "notes": [
        {
          "name": "新增",
          "descs": ["Surge HTTP-API 环境下运行脚本会显示运行结果"]
        },
        {
          "name": "优化",
          "descs": ["页面样式"]
        },
        {
          "name": "移除",
          "descs": ["顶栏跟随滚动"]
        }
      ]
    },
    {
      "version": "0.7.37",
      "tags": ["beta"],
      "author": "@chavyleung",
      "icon": "https://avatars3.githubusercontent.com/u/29748519",
      "repo": "https://github.com/chavyleung",
      "msg": "更新[BoxJs TF]: 应用标题加阴影, 优化调试代码, 单击首页重渲染壁纸",
      "notes": [
        {
          "name": "优化",
          "descs": ["应用标题加阴影"]
        },
        {
          "name": "调试",
          "descs": ["优化代码"]
        },
        {
          "name": "新增",
          "descs": ["单击首页回到顶部, 再单击一次重新渲染壁纸"]
        },
        {
          "name": "壁纸",
          "descs": ["无背景,", "随机,https://uploadbeta.com/api/pictures/random", "推女郎,https://uploadbeta.com/api/pictures/random/?key=推女郎", "性感,https://uploadbeta.com/api/pictures/random/?key=性感", "车模,https://uploadbeta.com/api/pictures/random/?key=车模", "美腿,https://uploadbeta.com/api/pictures/random/?key=美腿", "美女,https://uploadbeta.com/api/pictures/random/?key=美女", "手机妹子,http://api.btstu.cn/sjbz/zsy.php", "手机美女,http://api.btstu.cn/sjbz/?m_lx=suiji"]
        }
      ]
    },
    {
      "version": "0.7.36",
      "tags": ["beta"],
      "author": "@chavyleung",
      "icon": "https://avatars3.githubusercontent.com/u/29748519",
      "repo": "https://github.com/chavyleung",
      "notes": [
        {
          "name": "新增",
          "descs": ["下拉显示&隐藏搜索栏"]
        },
        {
          "name": "优化",
          "descs": ["固定背景"]
        },
        {
          "name": "修复",
          "descs": ["搜索栏高度问题"]
        }
      ]
    },
    {
      "version": "0.7.35",
      "tags": ["beta"],
      "author": "@chavyleung",
      "icon": "https://avatars3.githubusercontent.com/u/29748519",
      "repo": "https://github.com/chavyleung",
      "notes": [
        {
          "name": "调试",
          "descs": ["调试模式下支持自定义页面源码地址"]
        },
        {
          "name": "修复",
          "descs": ["底栏事件无效问题", "部分情况下贡献者重复加载问题", "手势前进后退会白屏&卡屏问题"]
        }
      ]
    },
    {
      "version": "0.7.33",
      "tags": ["beta"],
      "author": "@chavyleung",
      "icon": "https://avatars3.githubusercontent.com/u/29748519",
      "repo": "https://github.com/chavyleung",
      "notes": [
        {
          "name": "优化",
          "descs": ["支持前进、后退", "WebApp 状态下刷新能留在当前页面"]
        },
        {
          "name": "修复",
          "descs": ["侧栏拉不到底缺陷"]
        },
        {
          "name": "调试",
          "descs": ["支持 vue devtool (侧栏开启调试模式)"]
        },
        {
          "name": "感谢",
          "descs": ["感谢 @id77 大佬 PR"]
        }
      ]
    },
    {
      "version": "0.7.30",
      "tags": ["beta"],
      "author": "@chavyleung",
      "icon": "https://avatars3.githubusercontent.com/u/29748519",
      "repo": "https://github.com/chavyleung",
      "notes": [
        {
          "name": "优化",
          "descs": ["首页背景可以一直固定住"]
        },
        {
          "name": "感谢",
          "descs": ["感谢 @id77 大佬 PR"]
        }
      ]
    },
    {
      "version": "0.7.29",
      "tags": ["beta"],
      "author": "@chavyleung",
      "icon": "https://avatars3.githubusercontent.com/u/29748519",
      "repo": "https://github.com/chavyleung",
      "notes": [
        {
          "name": "代码编辑器",
          "descs": ["Surge HTTP-API 环境下执行的代码能显示响应内容"]
        }
      ]
    },
    {
      "version": "0.7.28",
      "tags": ["beta"],
      "author": "@chavyleung",
      "icon": "https://avatars3.githubusercontent.com/u/29748519",
      "repo": "https://github.com/chavyleung",
      "notes": [
        {
          "name": "优化",
          "descs": ["数据后端渲染", "更快更平顺的首页加载", "不闪屏了"]
        },
        {
          "name": "感谢",
          "descs": ["感谢 @eslint 大佬提供帮助"]
        }
      ]
    },
    {
      "version": "0.7.27",
      "tags": ["beta"],
      "author": "@chavyleung",
      "icon": "https://avatars3.githubusercontent.com/u/29748519",
      "repo": "https://github.com/chavyleung",
      "notes": [
        {
          "name": "优化",
          "descs": ["首页样式", "操作体验"]
        },
        {
          "name": "首页",
          "descs": ["顶栏透明", "可以隐藏顶栏", "顶栏可以固定或跟随滚动"]
        },
        {
          "name": "悬浮按钮",
          "descs": ["增加搜索入口"]
        }
      ]
    },
    {
      "version": "0.7.26",
      "tags": ["beta"],
      "author": "@chavyleung",
      "icon": "https://avatars3.githubusercontent.com/u/29748519",
      "repo": "https://github.com/chavyleung",
      "notes": [
        {
          "name": "调整",
          "descs": ["搜索条样式", "搜索操作界面"]
        }
      ]
    },
    {
      "version": "0.7.24",
      "tags": ["beta"],
      "author": "@chavyleung",
      "icon": "https://avatars3.githubusercontent.com/u/29748519",
      "repo": "https://github.com/chavyleung",
      "notes": [
        {
          "name": "修复",
          "descs": ["解决首屏闪屏问题", "解决图标白边问题", "导入会话报错"]
        },
        {
          "name": "感谢",
          "descs": ["感谢 @eslint 大佬提供帮助"]
        }
      ]
    },
    {
      "version": "0.7.21",
      "tags": ["beta"],
      "author": "@chavyleung",
      "icon": "https://avatars3.githubusercontent.com/u/29748519",
      "repo": "https://github.com/chavyleung",
      "notes": [
        {
          "name": "新增",
          "descs": ["一键清空会话数据"]
        },
        {
          "name": "优化",
          "descs": ["壁纸状态下图标字体颜色为白色", "其他样式优化"]
        }
      ]
    },
    {
      "version": "0.7.20",
      "tags": ["beta"],
      "author": "@chavyleung",
      "icon": "https://avatars3.githubusercontent.com/u/29748519",
      "repo": "https://github.com/chavyleung",
      "notes": [
        {
          "name": "优化",
          "descs": ["勿扰模式下, 不再忽略手动执行脚本时发出的系统通知"]
        },
        {
          "name": "新增",
          "descs": ["可以设置多张壁纸 (偏好设置)"]
        },
        {
          "name": "注意",
          "descs": ["设置多张壁纸后，在侧栏切换"]
        }
      ]
    },
    {
      "version": "0.7.18",
      "tags": ["beta"],
      "author": "@chavyleung",
      "icon": "https://avatars3.githubusercontent.com/u/29748519",
      "repo": "https://github.com/chavyleung",
      "notes": [
        {
          "name": "新增",
          "descs": ["代码编辑器 (入口: 悬浮按钮)"]
        },
        {
          "name": "说明",
          "descs": ["除了本机运行外", "可以使用 PC 连上 QuanX 的 HTTP Backend", "实现在 PC 上写代码然后发送到 QuanX 执行", "Surge、Loon 同理"]
        }
      ]
    },
    {
      "version": "0.7.17",
      "tags": ["beta"],
      "author": "@chavyleung",
      "icon": "https://avatars3.githubusercontent.com/u/29748519",
      "repo": "https://github.com/chavyleung",
      "notes": [
        {
          "name": "新增",
          "descs": ["首页壁纸 (偏好设置)"]
        }
      ]
    },
    {
      "version": "0.7.16",
      "tags": ["beta"],
      "author": "@chavyleung",
      "icon": "https://avatars3.githubusercontent.com/u/29748519",
      "repo": "https://github.com/chavyleung",
      "notes": [
        {
          "name": "优化",
          "descs": ["首页图标样式"]
        },
        {
          "name": "修复",
          "descs": ["首页图标点击无效问题", "首页图标有轻微位移问题", "帮助页面打开空白"]
        }
      ]
    },
    {
      "version": "0.7.11",
      "tags": ["beta"],
      "author": "@chavyleung",
      "icon": "https://avatars3.githubusercontent.com/u/29748519",
      "repo": "https://github.com/chavyleung",
      "notes": [
        {
          "name": "新增",
          "descs": ["首页显示收藏应用", "订阅中的更多按钮可以链接到作者仓库"]
        }
      ]
    },
    {
      "version": "0.7.9",
      "tags": ["beta"],
      "author": "@chavyleung",
      "icon": "https://avatars3.githubusercontent.com/u/29748519",
      "repo": "https://github.com/chavyleung",
      "notes": [
        {
          "name": "新增",
          "descs": ["可以修改会话", "增加帮忙手册入口", "推荐订阅入口"]
        },
        {
          "name": "调整",
          "descs": ["调整加载动态效果"]
        },
        {
          "name": "修复",
          "descs": ["boolean 控件偶尔触发键盘问题"]
        }
      ]
    },
    {
      "version": "0.7.7",
      "tags": ["beta"],
      "author": "@chavyleung",
      "icon": "https://avatars3.githubusercontent.com/u/29748519",
      "repo": "https://github.com/chavyleung",
      "notes": [
        {
          "name": "优化",
          "descs": ["全程无刷新", "独立分离页面", "优化数据结构减少内存占用"]
        },
        {
          "name": "操作",
          "descs": ["可以修复全局备份的名字", "点击'应用'回到顶部，再次单击折叠面板", "点击'订阅'回到顶部，再次单击刷新订阅", "点击具体订阅可刷新"]
        }
      ]
    }
  ]
}
