{
    "🏳️‍🌈": [
        "流量",
        "时间",
        "应急",
        "Bandwidth",
        "expire"
    ],
    "🇦🇨": [
        "AC"
    ],
    "🇦🇩": [
        "AD"
    ],
    "🇦🇪": [
        "AE"
    ],
    "🇦🇫": [
        "AF"
    ],
    "🇦🇮": [
        "AI"
    ],
    "🇦🇱": [
        "AL"
    ],
    "🇦🇲": [
        "AM"
    ],
    "🇦🇶": [
        "AQ"
    ],
    "🇦🇷": [
        "AR",
        "阿根廷"
    ],
    "🇦🇸": [
        "AS",
        "美属萨摩亚"
    ],
    "🇦🇹": [
        "AT",
        "奥地利",
        "维也纳"
    ],
    "🇦🇺": [
        "AU",
        "Australia",
        "Sydney",
        "澳大利亚",
        "悉尼"
    ],
    "🇦🇼": [
        "AW"
    ],
    "🇦🇽": [
        "AX"
    ],
    "🇦🇿": [
        "AZ"
    ],
    "🇧🇧": [
        "BB"
    ],
    "🇧🇩": [
        "BD"
    ],
    "🇧🇪": [
        "BE"
    ],
    "🇧🇫": [
        "BF"
    ],
    "🇧🇬": [
        "BG"
    ],
    "🇧🇭": [
        "BH"
    ],
    "🇧🇮": [
        "BI"
    ],
    "🇧🇯": [
        "BJ"
    ],
    "🇧🇲": [
        "BM"
    ],
    "🇧🇳": [
        "BN"
    ],
    "🇧🇴": [
        "BO"
    ],
    "🇧🇷": [
        "BR",
        "Brazil",
        "巴西",
        "圣保罗"
    ],
    "🇧🇸": [
        "BS"
    ],
    "🇧🇹": [
        "BT"
    ],
    "🇧🇻": [
        "BV"
    ],
    "🇧🇼": [
        "BW"
    ],
    "🇧🇾": [
        "BY"
    ],
    "🇧🇿": [
        "BZ"
    ],
    "🇨🇦": [
        "CA",
        "Canada",
        "加拿大",
        "蒙特利尔",
        "温哥华"
    ],
    "🇨🇫": [
        "CF"
    ],
    "🇨🇭": [
        "CH",
        "瑞士",
        "苏黎世"
    ],
    "🇨🇰": [
        "CK"
    ],
    "🇨🇱": [
        "CL"
    ],
    "🇨🇲": [
        "CM"
    ],
    "🇨🇳": [
        "CN",
        "China",
        "中国",
        "江苏",
        "北京",
        "上海",
        "广州",
        "深圳",
        "杭州",
        "徐州",
        "青岛",
        "宁波",
        "镇江"   
    ],
    "🇨🇴": [
        "CO"
    ],
    "🇨🇵": [
        "CP"
    ],
    "🇨🇷": [
        "CR"
    ],
    "🇨🇺": [
        "CU"
    ],
    "🇨🇻": [
        "CV"
    ],
    "🇨🇼": [
        "CW"
    ],
    "🇨🇽": [
        "CX"
    ],
    "🇨🇾": [
        "CY"
    ],
    "🇨🇿": [
        "CZ"
    ],
    "🇩🇪": [
        "DE",
        "Germany",
        "德国",
        "法兰克福"
    ],
    "🇩🇬": [
        "DG"
    ],
    "🇩🇯": [
        "DJ"
    ],
    "🇩🇰": [
        "DK"
    ],
    "🇩🇲": [
        "DM"
    ],
    "🇩🇴": [
        "DO"
    ],
    "🇩🇿": [
        "DZ"
    ],
    "🇪🇦": [
        "EA"
    ],
    "🇪🇨": [
        "EC"
    ],
    "🇪🇪": [
        "EE"
    ],
    "🇪🇬": [
        "EG"
    ],
    "🇪🇭": [
        "EH"
    ],
    "🇪🇷": [
        "ER"
    ],
    "🇪🇸": [
        "ES"
    ],
    "🇪🇹": [
        "ET"
    ],
    "🇪🇺": [
        "EU"
    ],
    "🇫🇮": [
        "FI",
        "Finland",
        "芬兰",
        "赫尔辛基"
    ],
    "🇫🇯": [
        "FJ"
    ],
    "🇫🇰": [
        "FK"
    ],
    "🇫🇲": [
        "FM"
    ],
    "🇫🇴": [
        "FO"
    ],
    "🇫🇷": [
        "FR",
        "France",
        "法国",
        "巴黎"
    ],
    "🇬🇦": [
        "GA"
    ],
    "🇬🇧": [
        "GB",
        "UK",
        "England",
        "United Kingdom",
        "英国",
        "伦敦"
    ],
    "🇬🇩": [
        "GD"
    ],
    "🇬🇪": [
        "GE"
    ],
    "🇬🇫": [
        "GF"
    ],
    "🇬🇬": [
        "GG"
    ],
    "🇬🇭": [
        "GH"
    ],
    "🇬🇮": [
        "GI"
    ],
    "🇬🇱": [
        "GL"
    ],
    "🇬🇲": [
        "GM"
    ],
    "🇬🇳": [
        "GN"
    ],
    "🇬🇵": [
        "GP"
    ],
    "🇬🇶": [
        "GQ"
    ],
    "🇬🇷": [
        "GR"
    ],
    "🇬🇹": [
        "GT"
    ],
    "🇬🇺": [
        "GU"
    ],
    "🇬🇼": [
        "GW"
    ],
    "🇬🇾": [
        "GY"
    ],
    "🇭🇰": [
        "HK",
        "Hong Kong",
        "香港",
        "深港",
        "沪港",
        "呼港"
    ],
    "🇭🇲": [
        "HM"
    ],
    "🇭🇳": [
        "HN"
    ],
    "🇭🇷": [
        "HR"
    ],
    "🇭🇹": [
        "HT"
    ],
    "🇭🇺": [
        "HU"
    ],
    "🇮🇨": [
        "IC"
    ],
    "🇮🇩": [
        "ID",
        "Indonesia",
        "印尼",
        "印度尼西亚",
        "雅加达"
    ],
    "🇮🇪": [
        "IE",
        "Ireland",
        "爱尔兰",
        "都柏林"
    ],
    "🇮🇱": [
        "IL"
    ],
    "🇮🇲": [
        "IM"
    ],
    "🇮🇳": [
        "IN",
        "India",
        "印度",
        "孟买"
    ],
    "🇮🇴": [
        "IO"
    ],
    "🇮🇶": [
        "IQ"
    ],
    "🇮🇷": [
        "IR"
    ],
    "🇮🇸": [
        "IS"
    ],
    "🇮🇹": [
        "IT",
        "Italy",
        "意大利",
        "米兰"
    ],
    "🇯🇪": [
        "JE"
    ],
    "🇯🇲": [
        "JM"
    ],
    "🇯🇴": [
        "JO"
    ],
    "🇯🇵": [
        "JP",
        "Japan",
        "日本",
        "东京",
        "大阪",
        "埼玉",
        "沪日"
    ],
    "🇰🇪": [
        "KE"
    ],
    "🇰🇬": [
        "KG"
    ],
    "🇰🇭": [
        "KH"
    ],
    "🇰🇮": [
        "KI"
    ],
    "🇰🇲": [
        "KM"
    ],
    "🇰🇵": [
        "KP",
        "朝鲜"
    ],
    "🇰🇷": [
        "KR",
        "Korea",
        "韩国",
        "首尔"
    ],
    "🇰🇼": [
        "KW"
    ],
    "🇰🇾": [
        "KY"
    ],
    "🇰🇿": [
        "KZ"
    ],
    "🇱🇦": [
        "LA"
    ],
    "🇱🇧": [
        "LB"
    ],
    "🇱🇮": [
        "LI"
    ],
    "🇱🇰": [
        "LK"
    ],
    "🇱🇷": [
        "LR"
    ],
    "🇱🇸": [
        "LS"
    ],
    "🇱🇹": [
        "LT"
    ],
    "🇱🇺": [
        "LU"
    ],
    "🇱🇻": [
        "LV"
    ],
    "🇱🇾": [
        "LY"
    ],
    "🇲🇦": [
        "MA"
    ],
    "🇲🇨": [
        "MC"
    ],
    "🇲🇩": [
        "MD"
    ],
    "🇲🇪": [
        "ME"
    ],
    "🇲🇫": [
        "MF"
    ],
    "🇲🇬": [
        "MG"
    ],
    "🇲🇭": [
        "MH"
    ],
    "🇲🇰": [
        "MK"
    ],
    "🇲🇱": [
        "ML"
    ],
    "🇲🇲": [
        "MM"
    ],
    "🇲🇳": [
        "MN"
    ],
    "🇲🇴": [
        "MO",
        "Macao",
        "澳门"
    ],
    "🇲🇵": [
        "MP"
    ],
    "🇲🇶": [
        "MQ"
    ],
    "🇲🇷": [
        "MR"
    ],
    "🇲🇸": [
        "MS"
    ],
    "🇲🇹": [
        "MT"
    ],
    "🇲🇺": [
        "MU"
    ],
    "🇲🇻": [
        "MV"
    ],
    "🇲🇼": [
        "MW"
    ],
    "🇲🇽": [
        "MX",
        "Mexico",
        "墨西哥"
    ],
    "🇲🇾": [
        "MY",
        "Malaysia",
        "马来西亚"
    ],
    "🇲🇿": [
        "MZ"
    ],
    "🇳🇦": [
        "NA"
    ],
    "🇳🇨": [
        "NC"
    ],
    "🇳🇪": [
        "NE"
    ],
    "🇳🇫": [
        "NF"
    ],
    "🇳🇬": [
        "NG"
    ],
    "🇳🇮": [
        "NI"
    ],
    "🇳🇱": [
        "NL",
        "Netherlands",
        "荷兰",
        "阿姆斯特丹"
    ],
    "🇳🇴": [
        "NO"
    ],
    "🇳🇵": [
        "NP"
    ],
    "🇳🇷": [
        "NR"
    ],
    "🇳🇺": [
        "NU"
    ],
    "🇳🇿": [
        "NZ"
    ],
    "🇴🇲": [
        "OM"
    ],
    "🇵🇦": [
        "PA"
    ],
    "🇵🇪": [
        "PE"
    ],
    "🇵🇫": [
        "PF"
    ],
    "🇵🇬": [
        "PG"
    ],
    "🇵🇭": [
        "PH",
        "Philippines",
        "菲律宾"
    ],
    "🇵🇰": [
        "PK"
    ],
    "🇵🇱": [
        "PL"
    ],
    "🇵🇷": [
        "PR"
    ],
    "🇵🇹": [
        "PT"
    ],
    "🇵🇼": [
        "PW"
    ],
    "🇵🇾": [
        "PY"
    ],
    "🇶🇦": [
        "QA"
    ],
    "🇷🇪": [
        "RE"
    ],
    "🇷🇴": [
        "RO",
        "罗马尼亚"
    ],
    "🇷🇸": [
        "RS"
    ],
    "🇷🇺": [
        "RU",
        "Russia",
        "俄罗斯",
        "伯力",
        "莫斯科",
        "圣彼得堡",
        "西伯利亚",
        "新西伯利亚"
    ],
    "🇷🇼": [
        "RW"
    ],
    "🇸🇦": [
        "SA"
    ],
    "🇸🇧": [
        "SB"
    ],
    "🇸🇨": [
        "SC"
    ],
    "🇸🇩": [
        "SD"
    ],
    "🇸🇪": [
        "SE",
        "Sweden"
    ],
    "🇸🇬": [
        "SG",
        "Singapore",
        "新加坡",
        "狮城"
    ],
    "🇸🇭": [
        "SH"
    ],
    "🇸🇮": [
        "SI"
    ],
    "🇸🇯": [
        "SJ"
    ],
    "🇸🇰": [
        "SK"
    ],
    "🇸🇱": [
        "SL"
    ],
    "🇸🇲": [
        "SM"
    ],
    "🇸🇳": [
        "SN"
    ],
    "🇸🇴": [
        "SO"
    ],
    "🇸🇻": [
        "SV"
    ],
    "🇸🇽": [
        "SX"
    ],
    "🇸🇾": [
        "SY"
    ],
    "🇸🇿": [
        "SZ"
    ],
    "🇹🇦": [
        "TA"
    ],
    "🇹🇩": [
        "TD"
    ],
    "🇹🇫": [
        "TF"
    ],
    "🇹🇬": [
        "TG"
    ],
    "🇹🇭": [
        "TH",
        "Thailand",
        "泰国",
        "曼谷"
    ],
    "🇹🇯": [
        "TJ"
    ],
    "🇹🇰": [
        "TK"
    ],
    "🇹🇱": [
        "TL"
    ],
    "🇹🇲": [
        "TM"
    ],
    "🇹🇳": [
        "TN"
    ],
    "🇹🇴": [
        "TO"
    ],
    "🇹🇷": [
        "TR",
        "Turkey",
        "土耳其",
        "伊斯坦布尔"
    ],
    "🇹🇻": [
        "TV"
    ],
    "🇹🇼": [
        "TW",
        "Taiwan",
        "台湾",
        "台北",
        "台中",
        "新北",
        "彰化"
    ],
    "🇹🇿": [
        "TZ"
    ],
    "🇺🇦": [
        "UA"
    ],
    "🇺🇬": [
        "UG"
    ],
    "🇺🇲": [
        "US",
        "America",
        "United States",
        "美国",
        "波特兰",
        "达拉斯",
        "俄勒冈",
        "凤凰城",
        "费利蒙",
        "硅谷",
        "拉斯维加斯",
        "洛杉矶",
        "圣何塞",
        "圣克拉拉",
        "西雅图",
        "芝加哥",
        "沪美"
    ],
    "🇺🇾": [
        "UY"
    ],
    "🇺🇿": [
        "UZ"
    ],
    "🇻🇦": [
        "VA"
    ],
    "🇻🇪": [
        "VE"
    ],
    "🇻🇬": [
        "VG"
    ],
    "🇻🇮": [
        "VI"
    ],
    "🇻🇳": [
        "VN",
        "越南"
    ],
    "🇻🇺": [
        "VU"
    ],
    "🇼🇸": [
        "WS"
    ],
    "🇽🇰": [
        "XK"
    ],
    "🇾🇪": [
        "YE"
    ],
    "🇾🇹": [
        "YT"
    ],
    "🇿🇦": [
        "ZA",
        "南非"
    ],
    "🇿🇲": [
        "ZM"
    ],
    "🇿🇼": [
        "ZW"
    ]
}
